plt_num,pickTime,Phase,evid,confidence
17588.6282737,2018-02-26 15:04:42.848,P,121984,0.0
17592.1738963,2018-03-02 04:10:24.643,P,121992,0.0
17592.1739242,2018-03-02 04:10:27.051,S,121992,0.0
17597.3712928,2018-03-07 08:54:39.694,P,121998,
17597.3713273,2018-03-07 08:54:42.676,S,121998,1.0
17604.1777303,2018-03-14 04:15:55.902,S,122006,0.0
17610.3015513,2018-03-20 07:14:14.030,S,122015,1.0
17616.238911099994,2018-03-26 05:44:01.917,S,122026,2.0
17617.054461400006,2018-03-27 01:18:25.468,P,122029,0.0
17620.757363099998,2018-03-30 18:10:36.168,P,122033,
17622.0123905,2018-04-01 00:17:50.537,S,122045,0.0
17624.92654,2018-04-03 22:14:13.058,S,122047,1.0
17626.738912599998,2018-04-05 17:44:02.050,P,122049,
17632.105058,2018-04-11 02:31:17.014,P,122060,
17632.1051972,2018-04-11 02:31:29.036,S,122060,2.0
17638.6569384,2018-04-17 15:45:59.476,P,122067,
17639.404111099993,2018-04-18 09:41:55.202,P,122068,
17639.4041565,2018-04-18 09:41:59.120,S,122068,2.0
17640.2381135,2018-04-19 05:42:53.007,P,122070,
17640.238145599997,2018-04-19 05:42:55.783,S,122070,0.0
17641.7113324,2018-04-20 17:04:19.115,P,122073,
17641.7113652,2018-04-20 17:04:21.957,S,122073,0.0
17642.2643325,2018-04-21 06:20:38.327,P,122074,
17642.264409,2018-04-21 06:20:44.940,S,122074,2.0
17644.536054900003,2018-04-23 12:51:55.145,P,122075,0.0
17644.5406838,2018-04-23 12:58:35.078,P,122076,
17645.0437197,2018-04-24 01:02:57.385,P,122077,
17645.0437395,2018-04-24 01:02:59.090,S,122077,0.0
17649.198266900006,2018-04-28 04:45:30.259,P,122080,
17649.285306499998,2018-04-28 06:50:50.481,P,122083,
17651.757770599994,2018-04-30 18:11:11.381,P,122089,
17651.7578068,2018-04-30 18:11:14.508,S,122089,1.0
17656.213311000003,2018-05-05 05:07:10.067,P,122102,
17656.213346599998,2018-05-05 05:07:13.149,S,122102,0.0
17656.2139931,2018-05-05 05:08:09.007,P,122103,
17656.2140281,2018-05-05 05:08:12.029,S,122103,0.0
17659.6389998,2018-05-08 15:20:09.584,S,122116,0.0
17661.904970400006,2018-05-10 21:43:09.441,P,122125,
17661.9049971,2018-05-10 21:43:11.749,S,122125,0.0
17664.7959938,2018-05-13 19:06:13.863,S,122129,0.0
17667.340380200007,2018-05-16 08:10:08.852,P,122138,
17667.340409599998,2018-05-16 08:10:11.387,S,122138,0.0
17669.6558995,2018-05-18 15:44:29.718,P,122144,
17669.6559707,2018-05-18 15:44:35.872,S,122144,1.0
17678.9683203,2018-05-27 23:14:22.876,P,122166,
17679.134167,2018-05-28 03:13:12.029,P,122169,
17680.7136862,2018-05-29 17:07:42.488,P,122173,
17681.495126499998,2018-05-30 11:52:58.929,S,122175,1.0
17683.8652838,2018-06-01 20:46:00.524,S,122178,0.0
17684.3544154,2018-06-02 08:30:21.488,P,122180,
17684.3544305,2018-06-02 08:30:22.797,S,122180,0.0
17689.588979900003,2018-06-07 14:08:07.861,P,122186,
17689.5890116,2018-06-07 14:08:10.604,S,122186,0.0
17689.9912878,2018-06-07 23:47:27.269,P,122188,
17689.991356900002,2018-06-07 23:47:33.237,S,122188,0.0
17690.462785,2018-06-08 11:06:24.624,S,122191,0.0
17690.465104400002,2018-06-08 11:09:45.019,S,122192,0.0
17691.1037463,2018-06-09 02:29:23.682,P,122195,
17691.1038151,2018-06-09 02:29:29.626,S,122195,1.0
17691.678454599998,2018-06-09 16:16:58.476,P,122202,
17695.1623343,2018-06-13 03:53:45.682,S,122207,0.0
17696.032183099996,2018-06-14 00:46:20.615,S,122210,2.0
17696.282127000002,2018-06-14 06:46:15.775,S,122211,2.0
17696.890248199998,2018-06-14 21:21:57.445,S,122213,1.0
17697.471815599998,2018-06-15 11:19:24.871,P,122214,
17697.4718862,2018-06-15 11:19:30.965,S,122214,2.0
17697.707573599993,2018-06-15 16:58:54.355,S,122217,2.0
17699.5660499,2018-06-17 13:35:06.713,P,122220,
17699.5660765,2018-06-17 13:35:09.007,S,122220,0.0
17699.653958400002,2018-06-17 15:41:42.009,P,122221,
17704.764166999998,2018-06-22 18:20:24.027,P,122232,
17704.764186700002,2018-06-22 18:20:25.729,S,122232,2.0
17709.869314900006,2018-06-27 20:51:48.806,S,122239,2.0
17712.7666914,2018-06-30 18:24:02.134,P,122242,
17712.7668119,2018-06-30 18:24:12.550,S,122242,1.0
17714.249742,2018-07-02 05:59:37.711,P,122246,
17714.2497708,2018-07-02 05:59:40.194,S,122246,1.0
17714.2576735,2018-07-02 06:11:02.987,P,122247,
17714.2577014,2018-07-02 06:11:05.398,S,122247,0.0
17716.0765069,2018-07-04 01:50:10.194,P,122249,
17716.0765384,2018-07-04 01:50:12.917,S,122249,2.0
17716.0795062,2018-07-04 01:54:29.338,P,122250,
17716.0795373,2018-07-04 01:54:32.026,S,122250,0.0
17716.082139,2018-07-04 01:58:16.805,P,122251,
17716.117990900002,2018-07-04 02:49:54.412,P,122252,
17716.118019499998,2018-07-04 02:49:56.880,S,122252,2.0
17716.1401448,2018-07-04 03:21:48.509,P,122253,
17716.140173800002,2018-07-04 03:21:51.020,S,122253,2.0
17716.1524349,2018-07-04 03:39:30.377,P,122254,
17716.1524653,2018-07-04 03:39:32.998,S,122254,2.0
17716.1537578,2018-07-04 03:41:24.669,P,122255,
17716.1611482,2018-07-04 03:52:03.207,P,122256,
17716.1611803,2018-07-04 03:52:05.975,S,122256,2.0
17716.1650773,2018-07-04 03:57:42.682,P,122257,
17716.172604,2018-07-04 04:08:32.983,P,122258,
17716.176259,2018-07-04 04:13:48.780,P,122259,
17716.1762851,2018-07-04 04:13:51.036,S,122259,2.0
17716.1800996,2018-07-04 04:19:20.601,P,122260,
17716.180126299998,2018-07-04 04:19:22.911,S,122260,0.0
17716.183108700006,2018-07-04 04:23:40.589,P,122261,
17716.183134799998,2018-07-04 04:23:42.849,S,122261,1.0
17716.1856582,2018-07-04 04:27:20.865,P,122262,
17716.191098900006,2018-07-04 04:35:10.945,P,122263,
17716.194168,2018-07-04 04:39:36.113,P,122264,
17716.211506599993,2018-07-04 05:04:34.168,P,122265,
17716.2115398,2018-07-04 05:04:37.037,S,122265,0.0
17716.2120895,2018-07-04 05:05:24.536,P,122266,
17716.224078,2018-07-04 05:22:40.336,P,122268,
17716.224108500002,2018-07-04 05:22:42.978,S,122268,1.0
17716.2302337,2018-07-04 05:31:32.189,P,122269,
17716.248213,2018-07-04 05:57:25.601,P,122270,
17716.2542055,2018-07-04 06:06:03.356,P,122271,
17716.255285799998,2018-07-04 06:07:36.691,P,122272,
17716.255316799998,2018-07-04 06:07:39.372,S,122272,2.0
17716.2562912,2018-07-04 06:09:03.563,S,122273,2.0
17716.261722299998,2018-07-04 06:16:52.806,P,122274,
17716.2617535,2018-07-04 06:16:55.502,S,122274,2.0
17716.286668700002,2018-07-04 06:52:48.179,P,122275,
17716.2866967,2018-07-04 06:52:50.591,S,122275,2.0
17716.2969468,2018-07-04 07:07:36.206,P,122276,
17716.2969679,2018-07-04 07:07:38.025,S,122276,1.0
17716.312991799998,2018-07-04 07:30:42.492,P,122277,
17716.313020200007,2018-07-04 07:30:44.946,S,122277,2.0
17716.3296974,2018-07-04 07:54:45.859,P,122278,
17716.3297259,2018-07-04 07:54:48.316,S,122278,2.0
17716.3742856,2018-07-04 08:58:58.275,P,122279,
17716.377991,2018-07-04 09:04:18.418,P,122280,
17716.378021,2018-07-04 09:04:21.014,S,122280,2.0
17716.452755500002,2018-07-04 10:51:58.075,P,122281,
17716.4527833,2018-07-04 10:52:00.474,S,122281,2.0
17716.4698374,2018-07-04 11:16:33.949,P,122282,
17716.4698651,2018-07-04 11:16:36.341,S,122282,2.0
17716.4993473,2018-07-04 11:59:03.606,P,122283,
17716.520258200002,2018-07-04 12:29:10.306,P,122284,
17716.5202896,2018-07-04 12:29:13.017,S,122284,2.0
17716.5339616,2018-07-04 12:48:54.281,P,122285,
17716.533961700006,2018-07-04 12:48:54.288,P,122286,
17716.719844799998,2018-07-04 17:16:34.589,P,122287,
17716.719873299997,2018-07-04 17:16:37.053,S,122287,0.0
17716.7202932,2018-07-04 17:17:13.331,P,122288,
17716.720320900004,2018-07-04 17:17:15.726,S,122288,0.0
17716.732788999998,2018-07-04 17:35:12.965,P,122289,
17716.7596754,2018-07-04 18:13:55.956,P,122290,
17716.7597032,2018-07-04 18:13:58.355,S,122290,0.0
17716.769923,2018-07-04 18:28:41.346,P,122291,
17716.7745973,2018-07-04 18:35:25.206,P,122292,
17716.7746293,2018-07-04 18:35:27.972,S,122292,0.0
17716.775762999998,2018-07-04 18:37:05.926,P,122293,
17716.7757906,2018-07-04 18:37:08.305,S,122293,0.0
17716.7810209,2018-07-04 18:44:40.204,P,122294,
17716.781048700002,2018-07-04 18:44:42.608,S,122294,2.0
17716.8149238,2018-07-04 19:33:29.412,P,122295,
17716.814951900004,2018-07-04 19:33:31.843,S,122295,0.0
17716.8234082,2018-07-04 19:45:42.471,P,122296,
17716.827401,2018-07-04 19:51:27.450,P,122297,
17716.8327643,2018-07-04 19:59:10.832,P,122299,
17716.8327954,2018-07-04 19:59:13.525,S,122299,0.0
17716.8367809,2018-07-04 20:04:57.868,P,122300,
17716.8368104,2018-07-04 20:05:00.418,S,122300,2.0
17716.839272499998,2018-07-04 20:08:33.147,P,122301,
17716.843755200003,2018-07-04 20:15:00.447,P,122302,
17716.850079099993,2018-07-04 20:24:06.835,S,122303,2.0
17716.8563448,2018-07-04 20:33:08.193,P,122304,
17716.856373500006,2018-07-04 20:33:10.674,S,122304,2.0
17716.856629400005,2018-07-04 20:33:32.778,P,122305,0.0
17716.8626997,2018-07-04 20:42:17.252,P,122306,
17716.8627341,2018-07-04 20:42:20.222,S,122306,0.0
17716.863455900002,2018-07-04 20:43:22.589,P,122307,
17716.8634848,2018-07-04 20:43:25.083,S,122307,0.0
17716.865492400004,2018-07-04 20:46:18.543,P,122308,
17716.8655251,2018-07-04 20:46:21.365,S,122308,1.0
17716.8727818,2018-07-04 20:56:48.347,P,122310,
17716.8728157,2018-07-04 20:56:51.274,S,122310,1.0
17716.8770561,2018-07-04 21:02:57.643,P,122311,
17716.881440200006,2018-07-04 21:09:16.436,P,122312,
17716.882232599994,2018-07-04 21:10:24.898,S,122313,0.0
17716.8868083,2018-07-04 21:17:00.233,P,122315,
17716.8868414,2018-07-04 21:17:03.093,S,122315,2.0
17716.893837599997,2018-07-04 21:27:07.568,S,122317,0.0
17716.8977351,2018-07-04 21:32:44.315,P,122318,
17716.901669400002,2018-07-04 21:38:24.235,S,122319,1.0
17716.909366,2018-07-04 21:49:29.219,P,122320,
17716.909395099996,2018-07-04 21:49:31.740,S,122320,0.0
17716.9114412,2018-07-04 21:52:28.522,P,122321,
17716.9193712,2018-07-04 22:03:53.669,P,122322,
17716.9266682,2018-07-04 22:14:24.130,P,122323,
17716.928951299997,2018-07-04 22:17:41.393,P,122324,
17716.928986000006,2018-07-04 22:17:44.393,S,122324,2.0
17716.9297692,2018-07-04 22:18:52.060,P,122325,
17716.9298011,2018-07-04 22:18:54.817,S,122325,2.0
17716.932143500002,2018-07-04 22:22:17.194,P,122326,
17716.9417458,2018-07-04 22:36:06.834,P,122328,0.0
17716.9445504,2018-07-04 22:40:09.156,P,122329,
17716.9474008,2018-07-04 22:44:15.427,P,122330,
17716.947432099998,2018-07-04 22:44:18.131,S,122330,2.0
17716.9593611,2018-07-04 23:01:28.801,P,122332,
17716.9593949,2018-07-04 23:01:31.717,S,122332,0.0
17716.9608955,2018-07-04 23:03:41.367,P,122333,
17716.9609225,2018-07-04 23:03:43.704,S,122333,0.0
17716.9763278,2018-07-04 23:25:54.721,P,122335,
17717.019455,2018-07-05 00:28:00.910,P,122340,
17717.0210595,2018-07-05 00:30:19.540,P,122341,
17717.021091799998,2018-07-05 00:30:22.333,S,122341,1.0
17717.024451499998,2018-07-05 00:35:12.613,S,122342,0.0
17717.026798,2018-07-05 00:38:35.346,P,122343,
17717.0300026,2018-07-05 00:43:12.225,S,122344,0.0
17717.0306785,2018-07-05 00:44:10.622,S,122345,2.0
17717.0378618,2018-07-05 00:54:31.260,P,122347,
17717.0378893,2018-07-05 00:54:33.635,S,122347,0.0
17717.0382934,2018-07-05 00:55:08.547,P,122348,
17717.041398400004,2018-07-05 00:59:36.820,P,122349,
17717.0555217,2018-07-05 01:19:57.073,P,122352,
17717.0555506,2018-07-05 01:19:59.575,S,122352,0.0
17717.058923900004,2018-07-05 01:24:51.028,P,122353,
17717.0589581,2018-07-05 01:24:53.978,S,122353,0.0
17717.066494299994,2018-07-05 01:35:45.109,S,122355,0.0
17717.0743621,2018-07-05 01:47:04.881,S,122356,1.0
17717.0761928,2018-07-05 01:49:43.053,S,122357,0.0
17717.092344999994,2018-07-05 02:12:58.605,P,122358,
17717.0923768,2018-07-05 02:13:01.352,S,122358,2.0
17717.0940948,2018-07-05 02:15:29.794,P,122359,
17717.100244999998,2018-07-05 02:24:21.172,P,122360,
17717.1002735,2018-07-05 02:24:23.626,S,122360,0.0
17717.1245877,2018-07-05 02:59:24.381,S,122361,0.0
17717.1591244,2018-07-05 03:49:08.350,P,122363,
17717.159158500002,2018-07-05 03:49:11.297,S,122363,2.0
17717.1667495,2018-07-05 04:00:07.156,P,122364,
17717.176138799998,2018-07-05 04:13:38.389,P,122366,
17717.179030900006,2018-07-05 04:17:48.270,S,122367,0.0
17717.1804922,2018-07-05 04:19:54.527,P,122368,
17717.1805214,2018-07-05 04:19:57.048,S,122368,1.0
17717.187824599998,2018-07-05 04:30:28.047,P,122369,
17717.1878572,2018-07-05 04:30:30.866,S,122369,1.0
17717.205027400007,2018-07-05 04:55:14.371,P,122370,
17717.2050607,2018-07-05 04:55:17.243,S,122370,0.0
17717.211678400006,2018-07-05 05:04:49.009,P,122371,
17717.2301688,2018-07-05 05:31:26.586,P,122372,
17717.2301973,2018-07-05 05:31:29.048,S,122372,0.0
17717.2677791,2018-07-05 06:25:36.111,S,122373,0.0
17717.297531,2018-07-05 07:08:26.678,P,122374,
17717.2999425,2018-07-05 07:11:55.035,S,122375,1.0
17717.3081991,2018-07-05 07:23:48.402,S,122376,1.0
17717.3541353,2018-07-05 08:29:57.291,P,122378,
17717.354170500006,2018-07-05 08:30:00.333,S,122378,2.0
17717.3564781,2018-07-05 08:33:19.712,P,122379,
17717.356505300002,2018-07-05 08:33:22.055,S,122379,0.0
17717.369177700002,2018-07-05 08:51:36.955,S,122381,0.0
17717.377050799998,2018-07-05 09:02:57.191,P,122382,
17717.3770783,2018-07-05 09:02:59.563,S,122382,0.0
17717.384839099996,2018-07-05 09:14:10.095,P,122383,
17717.384874400002,2018-07-05 09:14:13.150,S,122383,0.0
17717.4035033,2018-07-05 09:41:02.688,P,122385,
17717.4035373,2018-07-05 09:41:05.624,S,122385,1.0
17717.4198342,2018-07-05 10:04:33.674,P,122387,
17717.419863900002,2018-07-05 10:04:36.243,S,122387,0.0
17717.431526499997,2018-07-05 10:21:23.893,P,122388,
17717.432873299997,2018-07-05 10:23:20.256,P,122389,0.0
17717.4484334,2018-07-05 10:45:44.647,S,122392,0.0
17717.469847200002,2018-07-05 11:16:34.796,P,122393,
17717.469879900003,2018-07-05 11:16:37.621,S,122393,1.0
17717.5456238,2018-07-05 13:05:41.894,P,122394,
17717.632795700007,2018-07-05 15:11:13.548,P,122397,
17717.633857,2018-07-05 15:12:45.241,P,122398,
17717.6939509,2018-07-05 16:39:17.360,P,122399,
17717.702557900004,2018-07-05 16:51:41.003,P,122400,
17717.7420651,2018-07-05 17:48:34.426,P,122402,0.0
17717.7704095,2018-07-05 18:29:23.384,P,122403,
17717.775507700004,2018-07-05 18:36:43.867,P,122404,
17717.7755363,2018-07-05 18:36:46.336,S,122404,2.0
17717.82221,2018-07-05 19:43:58.940,P,122405,
17717.8222366,2018-07-05 19:44:01.241,S,122405,1.0
17717.855859,2018-07-05 20:32:26.215,P,122407,
17717.861921,2018-07-05 20:41:09.976,P,122408,
17717.8619574,2018-07-05 20:41:13.119,S,122408,0.0
17717.8643964,2018-07-05 20:44:43.845,P,122409,
17717.8653759,2018-07-05 20:46:08.481,P,122410,
17717.880979700003,2018-07-05 21:08:36.649,S,122412,0.0
17717.935771599998,2018-07-05 22:27:30.666,P,122413,
17717.9357998,2018-07-05 22:27:33.106,S,122413,2.0
17717.946603599998,2018-07-05 22:43:06.547,P,122414,
17717.946633300002,2018-07-05 22:43:09.115,S,122414,0.0
17717.9538342,2018-07-05 22:53:31.272,P,122415,
17717.9538613,2018-07-05 22:53:33.614,S,122415,0.0
17717.972703,2018-07-05 23:20:41.539,P,122416,
17717.987150099998,2018-07-05 23:41:29.768,P,122417,
17717.9871785,2018-07-05 23:41:32.221,S,122417,1.0
17717.993119400002,2018-07-05 23:50:05.516,P,122418,
17717.9979164,2018-07-05 23:56:59.973,P,122419,
17717.9979438,2018-07-05 23:57:02.347,S,122419,0.0
17718.0230104,2018-07-06 00:33:08.101,P,122420,
17718.0230376,2018-07-06 00:33:10.446,S,122420,1.0
17718.0251062,2018-07-06 00:36:09.179,P,122421,
17718.0251358,2018-07-06 00:36:11.733,S,122421,1.0
17718.038350400002,2018-07-06 00:55:13.471,P,122422,
17718.0383853,2018-07-06 00:55:16.487,S,122422,0.0
17718.0401118,2018-07-06 00:57:45.657,P,122423,
17718.0412184,2018-07-06 00:59:21.272,S,122424,1.0
17718.0424534,2018-07-06 01:01:07.974,P,122425,
17718.045989500002,2018-07-06 01:06:13.495,P,122426,
17718.0574813,2018-07-06 01:22:46.387,S,122427,0.0
17718.0642628,2018-07-06 01:32:32.306,S,122429,0.0
17718.0686697,2018-07-06 01:38:53.058,P,122430,
17718.094457299998,2018-07-06 02:16:01.110,S,122433,0.0
17718.1133504,2018-07-06 02:43:13.476,S,122435,1.0
17718.1902303,2018-07-06 04:33:55.896,P,122441,
17718.235386,2018-07-06 05:38:57.348,P,122444,
17718.2354124,2018-07-06 05:38:59.633,S,122444,0.0
17718.257515,2018-07-06 06:10:49.299,S,122445,1.0
17718.3572198,2018-07-06 08:34:23.792,S,122447,0.0
17718.362382099996,2018-07-06 08:41:49.817,S,122448,0.0
17718.3888542,2018-07-06 09:19:57.003,S,122449,0.0
17718.4228129,2018-07-06 10:08:51.037,P,122451,
17718.4926376,2018-07-06 11:49:23.892,S,122453,0.0
17718.505535199998,2018-07-06 12:07:58.242,P,122454,
17718.533810599998,2018-07-06 12:48:41.236,P,122455,
17718.533840599994,2018-07-06 12:48:43.829,S,122455,0.0
17718.5385301,2018-07-06 12:55:29.003,P,122456,
17718.5385565,2018-07-06 12:55:31.280,S,122456,0.0
17718.5452786,2018-07-06 13:05:12.068,P,122457,0.0
17718.5453056,2018-07-06 13:05:14.406,S,122457,0.0
17718.5594357,2018-07-06 13:25:35.247,P,122459,
17718.5605926,2018-07-06 13:27:15.204,S,122460,0.0
17718.5753359,2018-07-06 13:48:29.025,S,122461,0.0
17718.6228402,2018-07-06 14:56:53.389,S,122463,1.0
17718.6276174,2018-07-06 15:03:46.146,P,122464,
17718.6276504,2018-07-06 15:03:48.997,S,122464,2.0
17718.6300352,2018-07-06 15:07:15.043,S,122465,0.0
17718.642260900004,2018-07-06 15:24:51.344,S,122466,0.0
17718.648571,2018-07-06 15:33:56.530,P,122467,
17718.6486032,2018-07-06 15:33:59.312,S,122467,0.0
17718.669896,2018-07-06 16:04:39.014,P,122469,
17718.669920400003,2018-07-06 16:04:41.122,S,122469,1.0
17718.6778438,2018-07-06 16:16:05.700,P,122470,
17718.6778711,2018-07-06 16:16:08.064,S,122470,1.0
17718.7176686,2018-07-06 17:13:26.568,P,122472,
17718.717693900002,2018-07-06 17:13:28.755,S,122472,0.0
17718.7288807,2018-07-06 17:29:35.290,P,122473,
17718.7289053,2018-07-06 17:29:37.422,S,122473,0.0
17718.7304187,2018-07-06 17:31:48.172,P,122474,
17718.730444099998,2018-07-06 17:31:50.373,S,122474,0.0
17718.7324462,2018-07-06 17:34:43.350,S,122475,0.0
17718.7700675,2018-07-06 18:28:53.832,P,122477,0.0
17718.770094299998,2018-07-06 18:28:56.144,S,122477,0.0
17718.7708069,2018-07-06 18:29:57.715,P,122478,
17718.7708324,2018-07-06 18:29:59.915,S,122478,0.0
17718.7747925,2018-07-06 18:35:42.075,P,122479,
17718.7789648,2018-07-06 18:41:42.562,P,122480,
17718.8171118,2018-07-06 19:36:38.456,S,122482,0.0
17718.833261,2018-07-06 19:59:53.753,P,122483,
17718.834101499997,2018-07-06 20:01:06.371,P,122484,
17718.8346925,2018-07-06 20:01:57.435,P,122485,
17718.8398935,2018-07-06 20:09:26.798,S,122486,0.0
17718.847702799998,2018-07-06 20:20:41.524,P,122487,
17718.847737,2018-07-06 20:20:44.480,S,122487,2.0
17718.8543778,2018-07-06 20:30:18.241,P,122489,
17718.8544007,2018-07-06 20:30:20.219,S,122489,0.0
17718.8903717,2018-07-06 21:22:08.118,P,122491,
17718.890396000006,2018-07-06 21:22:10.215,S,122491,2.0
17718.9003872,2018-07-06 21:36:33.449,P,122492,
17718.9194859,2018-07-06 22:04:03.583,P,122493,
17718.931042400003,2018-07-06 22:20:42.060,P,122495,
17718.931070099996,2018-07-06 22:20:44.452,S,122495,1.0
17718.948841999998,2018-07-06 22:46:19.952,P,122497,
17718.9547408,2018-07-06 22:54:49.606,P,122499,
17718.9547741,2018-07-06 22:54:52.484,S,122499,0.0
17718.9651298,2018-07-06 23:09:47.213,S,122500,0.0
17718.9881776,2018-07-06 23:42:58.540,P,122501,
17718.996388099997,2018-07-06 23:54:47.928,P,122503,
17719.0682061,2018-07-07 01:38:13.003,P,122504,
17719.0682309,2018-07-07 01:38:15.151,S,122504,2.0
17719.0887553,2018-07-07 02:07:48.460,P,122505,
17719.099324900002,2018-07-07 02:23:01.671,P,122506,
17719.1183956,2018-07-07 02:50:29.383,P,122507,
17719.1249842,2018-07-07 02:59:58.633,P,122508,
17719.1250158,2018-07-07 03:00:01.361,S,122508,0.0
17719.1639432,2018-07-07 03:56:04.695,P,122511,
17719.1865888,2018-07-07 04:28:41.275,P,122512,
17719.2937528,2018-07-07 07:03:00.243,S,122515,0.0
17719.3472476,2018-07-07 08:20:02.195,P,122517,
17719.3782056,2018-07-07 09:04:36.965,P,122519,
17719.378234,2018-07-07 09:04:39.419,S,122519,
17719.4177528,2018-07-07 10:01:33.844,P,122520,
17719.474717099998,2018-07-07 11:23:35.561,P,122522,0.0
17719.4906819,2018-07-07 11:46:34.913,P,122523,
17719.545617099997,2018-07-07 13:05:41.320,P,122524,0.0
17719.6406754,2018-07-07 15:22:34.352,P,122526,
17719.640709400002,2018-07-07 15:22:37.289,S,122526,0.0
17719.7244088,2018-07-07 17:23:08.921,P,122529,
17719.724437099998,2018-07-07 17:23:11.367,S,122529,1.0
17719.7316037,2018-07-07 17:33:30.561,P,122530,
17719.7316338,2018-07-07 17:33:33.159,S,122530,1.0
17719.743419299994,2018-07-07 17:50:31.426,P,122532,
17719.7434502,2018-07-07 17:50:34.096,S,122532,1.0
17719.7531403,2018-07-07 18:04:31.321,S,122533,1.0
17719.7537583,2018-07-07 18:05:24.713,S,122534,0.0
17719.7550343,2018-07-07 18:07:14.966,S,122535,0.0
17719.763292800002,2018-07-07 18:19:08.498,S,122536,0.0
17719.7697697,2018-07-07 18:28:28.100,P,122537,
17719.769795099994,2018-07-07 18:28:30.293,S,122537,0.0
17719.7921773,2018-07-07 19:00:44.121,P,122538,
17719.8593303,2018-07-07 20:37:26.137,P,122540,0.0
17719.859354700002,2018-07-07 20:37:28.245,S,122540,1.0
17719.8608747,2018-07-07 20:39:39.577,P,122541,0.0
17719.9809407,2018-07-07 23:32:33.279,P,122545,
17719.9817883,2018-07-07 23:33:46.510,S,122546,0.0
17720.0065585,2018-07-08 00:09:26.653,P,122547,
17720.269958700002,2018-07-08 06:28:44.434,P,122552,
17720.2699883,2018-07-08 06:28:46.992,S,122552,0.0
17720.3402373,2018-07-08 08:09:56.504,P,122553,
17720.3402722,2018-07-08 08:09:59.518,S,122553,0.0
17720.461167299996,2018-07-08 11:04:04.858,P,122554,
17720.461197599998,2018-07-08 11:04:07.474,S,122554,0.0
17720.5272325,2018-07-08 12:39:12.885,P,122555,
17720.5272571,2018-07-08 12:39:15.015,S,122555,0.0
17720.536357900004,2018-07-08 12:52:21.322,P,122556,
17720.5630934,2018-07-08 13:30:51.271,P,122557,
17720.5631278,2018-07-08 13:30:54.239,S,122557,0.0
17720.5791493,2018-07-08 13:53:58.503,P,122558,
17720.598675999998,2018-07-08 14:22:05.607,P,122559,
17720.618239099997,2018-07-08 14:50:15.855,P,122560,
17720.619269,2018-07-08 14:51:44.839,P,122561,
17720.619302000006,2018-07-08 14:51:47.693,S,122561,1.0
17720.762586200002,2018-07-08 18:18:07.444,P,122562,
17720.7626147,2018-07-08 18:18:09.906,S,122562,0.0
17720.7756272,2018-07-08 18:36:54.187,P,122563,
17720.7756551,2018-07-08 18:36:56.603,S,122563,0.0
17720.7922653,2018-07-08 19:00:51.722,P,122564,
17720.7922991,2018-07-08 19:00:54.643,S,122564,1.0
17720.8367888,2018-07-08 20:04:58.555,P,122565,
17720.837912,2018-07-08 20:06:35.595,P,122566,
17720.8532185,2018-07-08 20:28:38.077,P,122567,
17720.8616832,2018-07-08 20:40:49.432,P,122568,
17720.8617055,2018-07-08 20:40:51.355,S,122568,2.0
17720.8634083,2018-07-08 20:43:18.478,P,122569,
17720.8634362,2018-07-08 20:43:20.883,S,122569,0.0
17720.9035655,2018-07-08 21:41:08.060,P,122570,
17720.9035965,2018-07-08 21:41:10.739,S,122570,2.0
17720.904739200007,2018-07-08 21:42:49.462,P,122571,
17720.9135523,2018-07-08 21:55:30.919,P,122572,
17720.9135842,2018-07-08 21:55:33.678,S,122572,2.0
17720.9144574,2018-07-08 21:56:49.122,P,122573,
17720.999270700002,2018-07-08 23:58:56.984,P,122574,
17720.9992954,2018-07-08 23:58:59.120,S,122574,0.0
17721.0413646,2018-07-09 00:59:33.902,P,122575,
17721.1149024,2018-07-09 02:45:27.570,P,122576,
17721.2072886,2018-07-09 04:58:29.738,P,122577,
17721.2073189,2018-07-09 04:58:32.351,S,122577,1.0
17721.2216496,2018-07-09 05:19:10.527,S,122578,1.0
17721.2220383,2018-07-09 05:19:44.110,P,122579,
17721.2220641,2018-07-09 05:19:46.337,S,122579,0.0
17721.226883900006,2018-07-09 05:26:42.771,P,122580,
17721.226909599998,2018-07-09 05:26:44.986,S,122580,2.0
17721.2399098,2018-07-09 05:45:28.210,P,122581,
17721.2508819,2018-07-09 06:01:16.197,P,122582,
17721.250913900003,2018-07-09 06:01:18.963,S,122582,0.0
17721.252351099996,2018-07-09 06:03:23.132,P,122583,
17721.25238,2018-07-09 06:03:25.631,S,122583,0.0
17721.270868900006,2018-07-09 06:30:03.076,S,122584,0.0
17721.271236200002,2018-07-09 06:30:34.803,S,122585,1.0
17721.3536401,2018-07-09 08:29:14.503,P,122590,
17721.593436099996,2018-07-09 14:14:32.881,P,122594,0.0
17721.636220599998,2018-07-09 15:16:09.463,P,122597,
17721.6362521,2018-07-09 15:16:12.179,S,122597,0.0
17721.644224900007,2018-07-09 15:27:41.027,S,122598,2.0
17721.775731499998,2018-07-09 18:37:03.204,P,122599,
17721.813430000002,2018-07-09 19:31:20.351,P,122600,
17721.828101299998,2018-07-09 19:52:27.955,S,122601,0.0
17721.8631296,2018-07-09 20:42:54.397,P,122603,
17721.8631634,2018-07-09 20:42:57.318,S,122603,2.0
17721.8641132,2018-07-09 20:44:19.376,P,122604,
17721.865251299998,2018-07-09 20:45:57.708,P,122605,
17721.865279799997,2018-07-09 20:46:00.172,S,122605,0.0
17721.865991,2018-07-09 20:47:01.620,S,122606,0.0
17721.8800877,2018-07-09 21:07:19.576,S,122608,0.0
17721.97653,2018-07-09 23:26:12.189,P,122615,
17722.0618694,2018-07-10 01:29:05.520,P,122619,
17722.1526533,2018-07-10 03:39:49.246,P,122621,
17722.1526795,2018-07-10 03:39:51.507,S,122621,2.0
17722.2281715,2018-07-10 05:28:34.018,P,122622,
17722.5392724,2018-07-10 12:56:33.131,S,122624,2.0
17722.5873931,2018-07-10 14:05:50.760,S,122625,0.0
17722.640746200002,2018-07-10 15:22:40.474,P,122626,
17722.6407801,2018-07-10 15:22:43.400,S,122626,0.0
17722.6431415,2018-07-10 15:26:07.425,P,122627,
17722.6431724,2018-07-10 15:26:10.098,S,122627,2.0
17722.6707826,2018-07-10 16:05:55.618,S,122629,1.0
17722.7996399,2018-07-10 19:11:28.891,S,122630,0.0
17722.8093085,2018-07-10 19:25:24.255,P,122632,
17722.8138741,2018-07-10 19:31:58.723,P,122633,
17722.844413299998,2018-07-10 20:15:57.311,P,122635,0.0
17722.8444587,2018-07-10 20:16:01.235,S,122635,1.0
17722.9613282,2018-07-10 23:04:18.759,P,122638,
17722.961357199998,2018-07-10 23:04:21.262,S,122638,0.0
17722.9838474,2018-07-10 23:36:44.418,P,122639,
17723.006424,2018-07-11 00:09:15.035,S,122642,1.0
17723.0096605,2018-07-11 00:13:54.663,P,122644,
17723.009688799993,2018-07-11 00:13:57.116,S,122644,0.0
17723.0147256,2018-07-11 00:21:12.288,P,122645,
17723.0407365,2018-07-11 00:58:39.631,P,122647,0.0
17723.0483424,2018-07-11 01:09:36.786,S,122648,0.0
17723.2197697,2018-07-11 05:16:28.098,P,122651,0.0
17723.2734352,2018-07-11 06:33:44.805,S,122652,0.0
17723.3275591,2018-07-11 07:51:41.105,P,122653,
17723.327589400003,2018-07-11 07:51:43.721,S,122653,0.0
17723.4836182,2018-07-11 11:36:24.612,P,122658,0.0
17723.599113900003,2018-07-11 14:22:43.441,P,122659,
17723.625333099993,2018-07-11 15:00:28.777,S,122660,0.0
17723.7130689,2018-07-11 17:06:49.155,P,122661,0.0
17723.713104299994,2018-07-11 17:06:52.213,S,122661,0.0
17723.8014123,2018-07-11 19:14:02.026,S,122662,2.0
17723.832834099998,2018-07-11 19:59:16.862,P,122664,
17723.8341115,2018-07-11 20:01:07.230,P,122665,
17723.9163873,2018-07-11 21:59:35.864,S,122670,0.0
17723.9236793,2018-07-11 22:10:05.888,P,122671,
17723.9237065,2018-07-11 22:10:08.237,S,122671,0.0
17724.0299198,2018-07-12 00:43:05.072,S,122672,0.0
17724.0616904,2018-07-12 01:28:50.049,P,122673,0.0
17724.061724,2018-07-12 01:28:52.957,S,122673,2.0
17724.219639400002,2018-07-12 05:16:16.844,P,122675,
17724.219671900002,2018-07-12 05:16:19.652,S,122675,0.0
17724.235938799997,2018-07-12 05:39:45.109,P,122676,
17724.235970200003,2018-07-12 05:39:47.824,S,122676,0.0
17724.2921032,2018-07-12 07:00:37.719,P,122677,
17724.2921304,2018-07-12 07:00:40.070,S,122677,0.0
17724.328962400006,2018-07-12 07:53:42.355,P,122678,0.0
17724.34159,2018-07-12 08:11:53.379,P,122679,
17724.341625,2018-07-12 08:11:56.401,S,122679,0.0
17724.4603732,2018-07-12 11:02:56.246,P,122680,
17724.4883075,2018-07-12 11:43:09.765,P,122681,
17724.488343200002,2018-07-12 11:43:12.851,S,122681,0.0
17724.650991799994,2018-07-12 15:37:25.687,P,122683,0.0
17724.8319132,2018-07-12 19:57:57.297,P,122685,
17724.8319398,2018-07-12 19:57:59.598,S,122685,0.0
17724.909420400007,2018-07-12 21:49:33.924,P,122686,
17724.9359032,2018-07-12 22:27:42.039,P,122687,
17724.9359302,2018-07-12 22:27:44.372,S,122687,0.0
17725.0081778,2018-07-13 00:11:46.561,P,122690,
17725.0082087,2018-07-13 00:11:49.229,S,122690,0.0
17725.0678134,2018-07-13 01:37:39.074,P,122691,0.0
17725.067837,2018-07-13 01:37:41.113,S,122691,0.0
17725.2547162,2018-07-13 06:06:47.479,P,122692,
17725.2547397,2018-07-13 06:06:49.511,S,122692,1.0
17725.286235900006,2018-07-13 06:52:10.778,P,122693,
17725.286257099997,2018-07-13 06:52:12.611,S,122693,0.0
17725.6001801,2018-07-13 14:24:15.560,P,122694,
17725.600208400007,2018-07-13 14:24:18.003,S,122694,1.0
17725.651383700002,2018-07-13 15:37:59.549,S,122695,1.0
17725.9076482,2018-07-13 21:47:00.807,P,122697,0.0
17725.9076719,2018-07-13 21:47:02.849,S,122697,2.0
17725.9082683,2018-07-13 21:47:54.380,P,122698,
17725.9160756,2018-07-13 21:59:08.932,S,122699,1.0
17726.0598303,2018-07-14 01:26:09.335,P,122702,
17726.05986,2018-07-14 01:26:11.905,S,122702,1.0
17726.069766900004,2018-07-14 01:40:27.860,P,122703,
17726.079298700002,2018-07-14 01:54:11.409,P,122704,
17726.2581195,2018-07-14 06:11:41.520,P,122705,
17726.258147,2018-07-14 06:11:43.899,S,122705,2.0
17726.367316699998,2018-07-14 08:48:56.160,P,122706,
17726.3673433,2018-07-14 08:48:58.458,S,122706,0.0
17726.3705342,2018-07-14 08:53:34.159,S,122707,2.0
17726.4767444,2018-07-14 11:26:30.714,S,122709,0.0
17726.716554,2018-07-14 17:11:50.266,P,122712,
17727.4320442,2018-07-15 10:22:08.619,P,122717,
17727.438186800002,2018-07-15 10:30:59.343,P,122718,0.0
17727.5948524,2018-07-15 14:16:35.249,S,122721,0.0
17727.7490215,2018-07-15 17:58:35.460,P,122723,
17727.7774877,2018-07-15 18:39:34.934,S,122724,2.0
17727.8486001,2018-07-15 20:21:59.049,P,122727,
17728.0478422,2018-07-16 01:08:53.566,P,122728,0.0
17728.1121577,2018-07-16 02:41:30.424,P,122729,
17728.8564982,2018-07-16 20:33:21.441,P,122737,
17728.9085738,2018-07-16 21:48:20.773,P,122739,
17728.9085997,2018-07-16 21:48:23.010,S,122739,0.0
17729.01709,2018-07-17 00:24:36.572,P,122740,0.0
17729.088746,2018-07-17 02:07:47.655,P,122741,
17729.088774400007,2018-07-17 02:07:50.105,S,122741,2.0
17729.5417284,2018-07-17 13:00:05.329,P,122745,
17729.5417561,2018-07-17 13:00:07.725,S,122745,1.0
17729.735629900002,2018-07-17 17:39:18.419,P,122746,
17729.7511633,2018-07-17 18:01:40.509,P,122747,
17729.7511977,2018-07-17 18:01:43.485,S,122747,2.0
17730.6418068,2018-07-18 15:24:12.108,P,122749,
17730.641835599996,2018-07-18 15:24:14.592,S,122749,0.0
17730.867744299998,2018-07-18 20:49:33.107,P,122750,0.0
17730.8920493,2018-07-18 21:24:33.061,P,122751,
17730.8923252,2018-07-18 21:24:56.894,P,122752,
17730.8923523,2018-07-18 21:24:59.242,S,122752,0.0
17730.993983200002,2018-07-18 23:51:20.152,S,122753,0.0
17731.0611699,2018-07-19 01:28:05.076,P,122754,0.0
17731.0611767,2018-07-19 01:28:05.667,S,122754,2.0
17731.152507799998,2018-07-19 03:39:36.676,P,122755,0.0
17731.324989400004,2018-07-19 07:47:59.086,P,122757,
17731.3250268,2018-07-19 07:48:02.312,S,122757,0.0
17732.0490616,2018-07-20 01:10:38.924,S,122758,0.0
17732.5470434,2018-07-20 13:07:44.545,S,122760,2.0
17732.707273099993,2018-07-20 16:58:28.398,S,122762,0.0
17732.709317099998,2018-07-20 17:01:24.999,S,122763,0.0
17732.7867983,2018-07-20 18:52:59.372,P,122764,
17732.786835299998,2018-07-20 18:53:02.566,S,122764,0.0
17733.0401229,2018-07-21 00:57:46.620,P,122766,
17733.0823781,2018-07-21 01:58:37.463,P,122767,
17733.0862874,2018-07-21 02:04:15.229,P,122768,
17733.086314099994,2018-07-21 02:04:17.534,S,122768,1.0
17733.0896617,2018-07-21 02:09:06.768,S,122769,0.0
17733.210187,2018-07-21 05:02:40.154,P,122770,
17733.2102251,2018-07-21 05:02:43.451,S,122770,1.0
17733.323747799994,2018-07-21 07:46:11.805,P,122771,0.0
17733.3237843,2018-07-21 07:46:14.964,S,122771,2.0
17733.596435699998,2018-07-21 14:18:52.046,P,122773,
17734.278809400006,2018-07-22 06:41:29.134,P,122778,
17734.2788427,2018-07-22 06:41:32.009,S,122778,2.0
17734.3063763,2018-07-22 07:21:10.911,P,122780,
17734.3064069,2018-07-22 07:21:13.560,S,122780,0.0
17734.3392198,2018-07-22 08:08:28.594,P,122781,
17734.339245599997,2018-07-22 08:08:30.818,S,122781,2.0
17734.8156644,2018-07-22 19:34:33.404,P,122783,0.0
17734.932481,2018-07-22 22:22:46.357,P,122784,
17734.9502358,2018-07-22 22:48:20.374,P,122785,0.0
17735.1376332,2018-07-23 03:18:11.507,P,122786,
17735.137661400004,2018-07-23 03:18:13.941,S,122786,2.0
17736.3425337,2018-07-24 08:13:14.915,P,122788,
17736.4988947,2018-07-24 11:58:24.499,P,122789,
17737.205696200002,2018-07-25 04:56:12.149,S,122795,2.0
17737.422464400002,2018-07-25 10:08:20.927,P,122798,
17737.422495900002,2018-07-25 10:08:23.646,S,122798,2.0
17737.4528706,2018-07-25 10:52:08.019,P,122799,
17738.0289848,2018-07-26 00:41:44.283,P,122802,
17738.029020599995,2018-07-26 00:41:47.378,S,122802,1.0
17738.744817,2018-07-26 17:52:32.185,P,122809,
17739.368992,2018-07-27 08:51:20.905,P,122812,
17739.420200200002,2018-07-27 10:05:05.298,P,122813,
17739.420226599996,2018-07-27 10:05:07.575,S,122813,2.0
17739.421608400004,2018-07-27 10:07:06.964,P,122814,
17739.421639300002,2018-07-27 10:07:09.637,S,122814,1.0
17739.425095299994,2018-07-27 10:12:08.234,P,122815,
17739.4251244,2018-07-27 10:12:10.751,S,122815,0.0
17739.4416332,2018-07-27 10:35:57.104,S,122816,0.0
17739.4976838,2018-07-27 11:56:39.883,P,122817,
17739.4977102,2018-07-27 11:56:42.163,S,122817,2.0
17739.540704599996,2018-07-27 12:58:36.874,P,122818,
17739.568143599998,2018-07-27 13:38:07.605,P,122819,
17739.5681694,2018-07-27 13:38:09.838,S,122819,0.0
17739.670568,2018-07-27 16:05:37.073,P,122820,
17739.670595900006,2018-07-27 16:05:39.482,S,122820,0.0
17739.926434099998,2018-07-27 22:14:03.905,S,122821,1.0
17740.001839700002,2018-07-28 00:02:38.953,S,122822,0.0
17740.010221700002,2018-07-28 00:14:43.153,P,122823,
17740.0789595,2018-07-28 01:53:42.103,P,122824,
17740.0789841,2018-07-28 01:53:44.229,S,122824,0.0
17740.141707299998,2018-07-28 03:24:03.510,P,122825,
17740.1417333,2018-07-28 03:24:05.759,S,122825,2.0
17740.142392700003,2018-07-28 03:25:02.727,P,122826,
17740.1585224,2018-07-28 03:48:16.337,S,122827,1.0
17740.466879400006,2018-07-28 11:12:18.379,P,122830,
17740.4669035,2018-07-28 11:12:20.465,S,122830,2.0
17740.4748931,2018-07-28 11:23:50.766,P,122831,0.0
17740.474923299997,2018-07-28 11:23:53.374,S,122831,2.0
17740.6201387,2018-07-28 14:52:59.982,P,122832,
17740.6246958,2018-07-28 14:59:33.716,P,122833,
17740.6247278,2018-07-28 14:59:36.477,S,122833,2.0
17740.625291999993,2018-07-28 15:00:25.226,S,122834,2.0
17740.6332721,2018-07-28 15:11:54.706,P,122835,
17740.6333047,2018-07-28 15:11:57.525,S,122835,2.0
17740.6590253,2018-07-28 15:48:59.787,P,122836,
17740.6590498,2018-07-28 15:49:01.900,S,122836,0.0
17740.794400799998,2018-07-28 19:03:56.232,S,122837,1.0
17740.863513321216,2018-07-28 20:43:27.550,S,122838,2.0
17740.939208300002,2018-07-28 22:32:27.597,P,122839,
17740.9852751,2018-07-28 23:38:47.767,P,122842,
17740.985299121683,2018-07-28 23:38:49.844,S,122842,2.0
17740.9928385,2018-07-28 23:49:41.244,P,122843,
17740.99286396426,2018-07-28 23:49:43.446,S,122843,1.0
17740.994857799997,2018-07-28 23:52:35.711,P,122844,
17740.994884072396,2018-07-28 23:52:37.983,S,122844,1.0
17741.005532099996,2018-07-29 00:07:57.976,P,122845,
17741.00556023403,2018-07-29 00:08:00.404,S,122845,0.0
17741.0187774,2018-07-29 00:27:02.363,P,122846,
17741.01880820519,2018-07-29 00:27:05.028,S,122846,0.0
17741.26895030908,2018-07-29 06:27:17.306,S,122848,0.0
17741.305598,2018-07-29 07:20:03.666,P,122849,
17741.365804400004,2018-07-29 08:46:45.497,P,122850,
17741.439034799998,2018-07-29 10:32:12.609,P,122854,
17741.4698526,2018-07-29 11:16:35.267,P,122855,
17741.469885263083,2018-07-29 11:16:38.086,S,122855,2.0
17741.4999414,2018-07-29 11:59:54.939,P,122856,
17741.642346700002,2018-07-29 15:24:58.756,P,122862,
17741.67793,2018-07-29 16:16:13.154,P,122863,
17742.1249253,2018-07-30 02:59:53.542,P,122867,
17742.166041503107,2018-07-30 03:59:05.985,S,122868,2.0
17742.299814200003,2018-07-30 07:11:43.946,P,122869,
17742.299849758376,2018-07-30 07:11:47.019,S,122869,2.0
17742.33590042845,2018-07-30 08:03:41.797,S,122870,0.0
17742.487897,2018-07-30 11:42:34.304,P,122871,
17742.527547138514,2018-07-30 12:39:40.072,P,122872,0.0
17742.52758273576,2018-07-30 12:39:43.148,S,122872,1.0
17742.788005500002,2018-07-30 18:54:43.676,P,122874,
17742.788031619835,2018-07-30 18:54:45.931,S,122874,0.0
17743.0298696,2018-07-31 00:43:00.733,P,122879,
17743.4855768,2018-07-31 11:39:13.836,P,122884,
17743.485609469455,2018-07-31 11:39:16.658,S,122884,2.0
17743.6843845,2018-07-31 16:25:30.818,P,122885,
17743.690247,2018-07-31 16:33:57.338,P,122886,
17743.690335145362,2018-07-31 16:34:04.956,S,122886,0.0
17743.698421575602,2018-07-31 16:45:43.624,S,122887,0.0
17744.0343127,2018-08-01 00:49:24.619,P,122890,
17744.087993099998,2018-08-01 02:06:42.607,P,122893,
17744.088027299706,2018-08-01 02:06:45.558,S,122893,1.0
17744.403254900004,2018-08-01 09:40:41.221,P,122900,
17744.403287442452,2018-08-01 09:40:44.035,S,122900,2.0
17744.484213968382,2018-08-01 11:37:16.086,S,122902,2.0
17744.6060389,2018-08-01 14:32:41.757,P,122903,
17744.606064541684,2018-08-01 14:32:43.976,S,122903,2.0
17745.0569537,2018-08-02 01:22:00.796,P,122904,
17745.075748500003,2018-08-02 01:49:04.671,P,122905,
17745.07577359413,2018-08-02 01:49:06.838,S,122905,2.0
17745.39436050179,2018-08-02 09:27:52.747,S,122907,1.0
17745.9302387,2018-08-02 22:19:32.625,P,122912,
17746.007448584198,2018-08-03 00:10:43.557,S,122913,0.0
17746.152983300002,2018-08-03 03:40:17.759,P,122915,
17747.0279125,2018-08-04 00:40:11.640,P,122919,
17747.129502400006,2018-08-04 03:06:29.008,P,122920,
17747.1300228,2018-08-04 03:07:13.971,P,122921,
17747.2834492,2018-08-04 06:48:10.007,P,122922,
17747.348282799998,2018-08-04 08:21:31.632,P,122924,
17747.6322675,2018-08-04 15:10:27.908,P,122926,
17748.023241299998,2018-08-05 00:33:28.052,P,122929,
17748.023269898225,2018-08-05 00:33:30.519,S,122929,0.0
17748.030993700002,2018-08-05 00:44:37.857,P,122930,
17748.0342,2018-08-05 00:49:14.881,P,122931,
17748.036788900918,2018-08-05 00:52:58.561,S,122932,0.0
17748.061294,2018-08-05 01:28:15.802,P,122933,
17748.061322647067,2018-08-05 01:28:18.276,S,122933,0.0
17748.0646559,2018-08-05 01:33:06.268,P,122934,
17748.141718048104,2018-08-05 03:24:04.439,P,122936,0.0
17748.142348687285,2018-08-05 03:24:58.926,S,122937,2.0
17749.8992352,2018-08-06 21:34:53.921,P,122941,
17749.899260195394,2018-08-06 21:34:56.080,S,122941,0.0
17750.5678751821,2018-08-07 13:37:44.415,S,122943,2.0
17750.5685308,2018-08-07 13:38:41.061,P,122944,
17750.568557218972,2018-08-07 13:38:43.343,S,122944,2.0
17750.624186700006,2018-08-07 14:58:49.728,P,122946,
17750.624213906518,2018-08-07 14:58:52.081,S,122946,1.0
17750.6257914837,2018-08-07 15:01:08.384,S,122947,0.0
17750.625880300002,2018-08-07 15:01:16.060,P,122948,
17750.62590698084,2018-08-07 15:01:18.363,S,122948,1.0
17750.6330165,2018-08-07 15:11:32.624,P,122949,
17750.63304322296,2018-08-07 15:11:34.934,S,122949,2.0
17751.2000569,2018-08-08 04:48:04.918,P,122952,
17751.9239852,2018-08-08 22:10:32.317,P,122955,
17751.9730735,2018-08-08 23:21:13.548,P,122956,
17751.981840200002,2018-08-08 23:33:50.994,P,122957,
17753.0706509,2018-08-10 01:41:44.233,P,122960,
17753.070689586508,2018-08-10 01:41:47.580,S,122960,2.0
17753.528007715773,2018-08-10 12:40:19.866,S,122961,0.0
17753.6117127,2018-08-10 14:40:51.976,P,122962,
17753.61174651972,2018-08-10 14:40:54.899,S,122962,0.0
17753.8008595,2018-08-10 19:13:14.258,P,122964,
17753.800886763423,2018-08-10 19:13:16.616,S,122964,0.0
17753.9820825,2018-08-10 23:34:11.929,P,122966,
17753.982135976326,2018-08-10 23:34:16.548,S,122966,0.0
17754.9557462,2018-08-11 22:56:16.469,P,122969,
17754.961065900006,2018-08-11 23:03:56.091,P,122970,
17755.021749540338,2018-08-12 00:31:19.160,S,122973,1.0
17755.737401579136,2018-08-12 17:41:51.496,S,122974,0.0
17756.22501,2018-08-13 05:24:00.860,P,122978,
17756.247818,2018-08-13 05:56:51.479,P,122979,
17756.24784692022,2018-08-13 05:56:53.973,S,122979,0.0
17756.4024909,2018-08-13 09:39:35.214,P,122980,
17759.894275705476,2018-08-16 21:27:45.420,S,122986,0.0
17760.1117774,2018-08-17 02:40:57.567,P,122987,
17760.3286147,2018-08-17 07:53:12.306,P,122989,
17760.9629512,2018-08-17 23:06:38.982,P,122992,
17761.957806087936,2018-08-18 22:59:14.445,S,122995,0.0
17762.8640468,2018-08-19 20:44:13.642,P,122997,
17765.954913899786,2018-08-22 22:55:04.560,S,123007,2.0
17766.8712165,2018-08-23 20:54:33.106,P,123014,
17766.871239395343,2018-08-23 20:54:35.083,S,123014,0.0
17767.1203721,2018-08-24 02:53:20.149,P,123015,
17767.120401723074,2018-08-24 02:53:22.708,S,123015,0.0
17767.22536543897,2018-08-24 05:24:31.573,S,123016,1.0
17767.420562900006,2018-08-24 10:05:36.636,P,123018,
17767.420596481737,2018-08-24 10:05:39.536,S,123018,2.0
17767.794604393766,2018-08-24 19:04:13.819,S,123020,0.0
17767.8644333,2018-08-24 20:44:47.041,P,123021,
17767.864457809268,2018-08-24 20:44:49.154,S,123021,0.0
17768.192600381208,2018-08-25 04:37:20.672,S,123022,2.0
17768.758861099996,2018-08-25 18:12:45.595,P,123024,
17769.7326664,2018-08-26 17:35:02.376,P,123028,
17773.975098599996,2018-08-30 23:24:08.516,P,123036,
17773.975133974083,2018-08-30 23:24:11.575,S,123036,0.0
17775.191263999994,2018-09-01 04:35:25.211,P,123039,
17775.191299209633,2018-09-01 04:35:28.251,S,123039,0.0
17777.077803734755,2018-09-03 01:52:02.242,P,123041,0.0
17777.1359244,2018-09-03 03:15:43.865,P,123042,
17777.135953465502,2018-09-03 03:15:46.379,S,123042,2.0
17779.8048223,2018-09-05 19:18:56.650,P,123056,
17779.912035854726,2018-09-05 21:53:19.897,S,123057,2.0
17784.7556952,2018-09-10 18:08:12.061,P,123062,
17784.755817035417,2018-09-10 18:08:22.591,S,123062,0.0
17784.9068551,2018-09-10 21:45:52.282,P,123063,
17784.90691311183,2018-09-10 21:45:57.292,S,123063,2.0
17787.073092500006,2018-09-13 01:45:15.194,P,123067,
17788.9544931,2018-09-14 22:54:28.206,P,123072,
17788.95451825839,2018-09-14 22:54:30.377,S,123072,2.0
17792.1194507,2018-09-18 02:52:00.544,P,123078,
17792.189530400006,2018-09-18 04:32:55.427,P,123079,
17792.189555048975,2018-09-18 04:32:57.556,S,123079,1.0
17792.879809596572,2018-09-18 21:06:55.549,S,123080,1.0
17792.979626900003,2018-09-18 23:30:39.762,P,123082,
17793.07677750809,2018-09-19 01:50:33.576,S,123083,1.0
17793.196269068416,2018-09-19 04:42:37.647,S,123084,0.0
17797.19471016657,2018-09-23 04:40:22.958,S,123091,2.0
17798.253213900003,2018-09-24 06:04:37.677,P,123097,
17798.2902887,2018-09-24 06:58:00.942,P,123098,
17798.33339107484,2018-09-24 08:00:04.988,S,123099,0.0
17799.712704799997,2018-09-25 17:06:17.691,P,123105,
17803.080525499998,2018-09-29 01:55:57.400,P,123115,
17803.080692123964,2018-09-29 01:56:11.799,S,123115,2.0
17803.0973823,2018-09-29 02:20:13.830,P,123116,
17803.097414374137,2018-09-29 02:20:16.601,S,123116,1.0
17803.566729700004,2018-09-29 13:36:05.442,P,123118,
17806.199998135213,2018-10-02 04:47:59.838,S,123129,0.0
17807.691371875044,2018-10-03 16:35:34.530,S,123132,2.0
17808.5505417,2018-10-04 13:12:46.798,P,123139,
17808.859994216862,2018-10-04 20:38:23.500,S,123140,0.0
17809.4927931,2018-10-05 11:49:37.319,P,123142,
17810.5203054,2018-10-06 12:29:14.386,P,123144,
17812.8341567,2018-10-08 20:01:11.141,P,123151,
17812.834191721453,2018-10-08 20:01:14.164,S,123151,1.0
17813.1355491,2018-10-09 03:15:11.441,P,123152,
17813.13557817719,2018-10-09 03:15:13.954,S,123152,0.0
17813.369394999998,2018-10-09 08:51:55.724,P,123154,
17815.457678163184,2018-10-11 10:59:03.393,S,123162,1.0
17817.359063599994,2018-10-13 08:37:03.098,P,123174,
17820.2855653,2018-10-16 06:51:12.844,P,123180,
17820.28559748258,2018-10-16 06:51:15.622,S,123180,1.0
17820.93623306763,2018-10-16 22:28:10.537,S,123182,0.0
17821.958031492548,2018-10-17 22:59:33.920,S,123184,0.0
17831.3620931,2018-10-27 08:41:24.846,P,123204,
17831.9826904,2018-10-27 23:35:04.452,P,123205,
17831.982725893045,2018-10-27 23:35:07.517,S,123205,2.0
17832.752318799998,2018-10-28 18:03:20.342,P,123208,
17832.752352780484,2018-10-28 18:03:23.280,S,123208,1.0
17833.5068458,2018-10-29 12:09:51.479,P,123210,
17834.086154081342,2018-10-30 02:04:03.712,S,123212,2.0
17836.626507885583,2018-11-01 15:02:10.281,S,123217,0.0
17838.7330961,2018-11-03 17:35:39.500,P,123222,
17838.738268200002,2018-11-03 17:43:06.371,P,123223,
17838.7515187,2018-11-03 18:02:11.216,P,123224,
17838.7939727,2018-11-03 19:03:19.245,P,123225,
17839.452241900002,2018-11-04 10:51:13.700,P,123229,
17839.45232703438,2018-11-04 10:51:21.055,S,123229,0.0
17839.612085599998,2018-11-04 14:41:24.198,P,123230,
17839.629449400003,2018-11-04 15:06:24.430,P,123231,
17839.62948382137,2018-11-04 15:06:27.402,S,123231,0.0
17839.8063538,2018-11-04 19:21:08.967,P,123232,
17839.806498721846,2018-11-04 19:21:21.489,S,123232,2.0
17841.939998366084,2018-11-06 22:33:35.858,S,123235,0.0
17842.097362782028,2018-11-07 02:20:12.144,S,123236,1.0
17843.9224481,2018-11-08 22:08:19.519,P,123238,
17845.224198664084,2018-11-10 05:22:50.764,S,123247,2.0
17845.683414,2018-11-10 16:24:06.967,P,123248,
17845.683448387354,2018-11-10 16:24:09.940,S,123248,1.0
17846.1958276,2018-11-11 04:41:59.505,P,123250,
17846.195890526982,2018-11-11 04:42:04.941,S,123250,0.0
17846.626861161894,2018-11-11 15:02:40.804,S,123252,2.0
17848.039266501153,2018-11-13 00:56:32.625,S,123257,0.0
17848.704440024667,2018-11-13 16:54:23.618,S,123258,0.0
17849.945358099998,2018-11-14 22:41:18.942,P,123261,
17849.945411955956,2018-11-14 22:41:23.592,S,123261,0.0
17851.64077730876,2018-11-16 15:22:43.159,S,123262,1.0
17852.946498400004,2018-11-17 22:42:57.458,P,123264,
17853.753479799998,2018-11-18 18:05:00.655,P,123266,
17856.2631537,2018-11-21 06:18:56.482,P,123268,
17856.370547900002,2018-11-21 08:53:35.339,P,123269,
17857.287218999998,2018-11-22 06:53:35.718,P,123271,
17857.593052400003,2018-11-22 14:13:59.727,P,123274,
17857.593088227906,2018-11-22 14:14:02.822,S,123274,2.0
17858.482093000002,2018-11-23 11:34:12.833,P,123279,
17858.482127181072,2018-11-23 11:34:15.788,S,123279,2.0
17860.983747078997,2018-11-25 23:36:35.747,S,123286,1.0
17864.1082402,2018-11-29 02:35:51.951,P,123295,
17868.0118125,2018-12-03 00:17:00.603,P,123298,
17879.587507599994,2018-12-14 14:06:00.660,P,123309,
17879.587544476482,2018-12-14 14:06:03.842,S,123309,2.0
17881.0633065,2018-12-16 01:31:09.685,P,123313,
17888.485246700002,2018-12-23 11:38:45.313,P,123319,
17888.485283467933,2018-12-23 11:38:48.491,S,123319,0.0
17891.037491400002,2018-12-26 00:53:59.258,P,123325,
17891.1524032,2018-12-26 03:39:27.639,P,123329,
17891.6334718,2018-12-26 15:12:11.964,P,123332,
17891.633582931292,2018-12-26 15:12:21.565,S,123332,1.0
17894.1791106,2018-12-29 04:17:55.159,P,123337,
17895.5169569,2018-12-30 12:24:25.073,P,123339,
17897.880911900003,2019-01-01 21:08:30.789,P,123342,
17899.0340069,2019-01-03 00:48:58.198,P,123343,
17899.546338999997,2019-01-03 13:06:43.688,P,123344,
17899.54641827662,2019-01-03 13:06:50.539,S,123344,2.0
17904.0345537,2019-01-08 00:49:45.437,P,123349,
17906.785052340616,2019-01-10 18:50:28.522,S,123352,0.0
17912.1489092,2019-01-16 03:34:25.759,P,123356,
17912.148930396208,2019-01-16 03:34:27.586,S,123356,2.0
17912.7557305,2019-01-16 18:08:15.116,P,123357,
17912.7640216,2019-01-16 18:20:11.462,P,123358,
17918.985345200002,2019-01-22 23:38:53.824,P,123369,
17918.98537565988,2019-01-22 23:38:56.457,S,123369,2.0
17919.231948599998,2019-01-23 05:34:00.360,P,123370,
17919.9085004,2019-01-23 21:48:14.437,P,123373,
17919.908534774782,2019-01-23 21:48:17.404,S,123373,2.0
17920.1686198,2019-01-24 04:02:48.750,P,123374,
17920.8368627,2019-01-24 20:05:04.941,P,123375,
17920.836922985964,2019-01-24 20:05:10.145,S,123375,0.0
17924.841711700006,2019-01-28 20:12:03.894,P,123379,
17924.841735202142,2019-01-28 20:12:05.921,S,123379,0.0
17927.2680281,2019-01-31 06:25:57.624,P,123384,
17927.488458300002,2019-01-31 11:43:22.800,P,123385,
17929.5027259,2019-02-02 12:03:55.515,P,123388,
17929.50275584808,2019-02-02 12:03:58.105,S,123388,2.0
17931.041616831975,2019-02-04 00:59:55.694,S,123390,2.0
17933.191548900002,2019-02-06 04:35:49.820,P,123394,
17933.1915837455,2019-02-06 04:35:52.835,S,123394,0.0
17935.2634594,2019-02-08 06:19:22.888,P,123400,
17937.1263982,2019-02-10 03:02:00.806,P,123403,
17937.12643083004,2019-02-10 03:02:03.623,S,123403,2.0
17939.0900165,2019-02-12 02:09:37.425,P,123408,
17940.5623399091,2019-02-13 13:29:46.168,S,123412,0.0
17940.564538738876,2019-02-13 13:32:56.147,S,123413,2.0
17944.0171148,2019-02-17 00:24:38.720,P,123418,
17948.5107307,2019-02-21 12:15:27.133,P,123423,
17948.510818962844,2019-02-21 12:15:34.758,S,123423,0.0
17948.514251400004,2019-02-21 12:20:31.323,P,123424,
17948.51434472495,2019-02-21 12:20:39.384,S,123424,0.0
17962.870228,2019-03-07 20:53:07.696,P,123433,
17962.870269018033,2019-03-07 20:53:11.243,S,123433,0.0
17967.899045299993,2019-03-12 21:34:37.514,P,123437,
17967.995099521722,2019-03-12 23:52:56.598,P,123438,0.0
17967.995126174126,2019-03-12 23:52:58.901,S,123438,0.0
17973.631235599998,2019-03-18 15:08:58.753,P,123443,
17973.631333036647,2019-03-18 15:09:07.174,S,123443,0.0
17973.888387,2019-03-18 21:19:16.636,P,123444,
17974.247234494855,2019-03-19 05:56:01.060,P,123448,0.0
17974.247244970138,2019-03-19 05:56:01.965,S,123448,0.0
17975.621900799993,2019-03-20 14:55:32.225,P,123451,
17978.1315134,2019-03-23 03:09:22.759,P,123452,
17980.8574781,2019-03-25 20:34:46.110,P,123455,
17980.857506698634,2019-03-25 20:34:48.578,S,123455,0.0
17982.2662035,2019-03-27 06:23:19.982,P,123459,
17984.8459908,2019-03-29 20:18:13.608,P,123465,
17989.0265958,2019-04-03 00:38:17.877,P,123470,
17990.518186700006,2019-04-04 12:26:11.331,P,123471,
17990.51822971228,2019-04-04 12:26:15.047,S,123471,0.0
18001.708568327445,2019-04-15 17:00:20.303,S,123482,2.0
18003.01821437545,2019-04-17 00:26:13.722,S,123484,2.0
18003.218930463576,2019-04-17 05:15:15.592,S,123485,0.0
18008.8948165,2019-04-22 21:28:32.148,P,123492,
18010.65324451535,2019-04-24 15:40:40.326,S,123494,2.0
18010.722581952443,2019-04-24 17:20:31.080,S,123495,2.0
18011.629322369197,2019-04-25 15:06:13.452,P,123500,0.0
18011.62935468202,2019-04-25 15:06:16.244,S,123500,2.0
18013.223091,2019-04-27 05:21:15.058,P,123508,
18015.5054468,2019-04-29 12:07:50.599,P,123511,
18019.732886504367,2019-05-03 17:35:21.393,P,123514,0.0
18019.732918449656,2019-05-03 17:35:24.154,S,123514,0.0
18019.7513906,2019-05-03 18:02:00.143,P,123515,
18019.751447606053,2019-05-03 18:02:05.073,S,123515,0.0
18021.089017200004,2019-05-05 02:08:11.085,P,123516,
18021.089051056573,2019-05-05 02:08:14.011,S,123516,1.0
18021.0904579,2019-05-05 02:10:15.566,P,123517,
18021.090491719857,2019-05-05 02:10:18.484,S,123517,0.0
18022.7760116,2019-05-06 18:37:27.400,P,123521,
18022.77604486369,2019-05-06 18:37:30.276,S,123521,1.0
18023.37421714655,2019-05-07 08:58:52.361,S,123522,0.0
18023.965989556164,2019-05-07 23:11:01.497,S,123523,2.0
18031.7044816,2019-05-15 16:54:27.209,P,123534,
18031.73452906342,2019-05-15 17:37:43.311,S,123535,2.0
18032.61306197401,2019-05-16 14:42:48.554,S,123537,2.0
18032.97478851284,2019-05-16 23:23:41.727,P,123539,0.0
18032.97502069981,2019-05-16 23:24:01.788,S,123539,2.0
18033.09435276976,2019-05-17 02:15:52.079,S,123541,0.0
18033.6389151,2019-05-17 15:20:02.268,P,123543,
18034.8710435,2019-05-18 20:54:18.157,P,123548,
18035.6164283,2019-05-19 14:47:39.409,P,123549,
18035.61646787522,2019-05-19 14:47:42.824,S,123549,0.0
18036.0159998,2019-05-20 00:23:02.384,P,123551,
18036.016038178408,2019-05-20 00:23:05.698,S,123551,2.0
18036.706727236324,2019-05-20 16:57:41.233,S,123552,1.0
18044.4200977,2019-05-28 10:04:56.442,P,123571,
18045.2033525,2019-05-29 04:52:49.653,P,123573,
18049.84375192304,2019-06-02 20:15:00.166,S,123583,1.0
18050.9544136,2019-06-03 22:54:21.336,P,123585,
18050.954443137005,2019-06-03 22:54:23.887,S,123585,0.0
18053.992216,2019-06-06 23:48:47.462,P,123589,
18053.99229774569,2019-06-06 23:48:54.525,S,123589,1.0
18056.153345200004,2019-06-09 03:40:49.029,P,123593,
18056.15340377462,2019-06-09 03:40:54.086,S,123593,0.0
18056.84402191713,2019-06-09 20:15:23.493,S,123595,2.0
18061.373301020856,2019-06-14 08:57:33.208,P,123609,0.0
18061.373444078326,2019-06-14 08:57:45.568,S,123609,2.0
18061.644454400004,2019-06-14 15:28:00.857,P,123610,
18062.4214625,2019-06-15 10:06:54.363,P,123613,
18062.81696711104,2019-06-15 19:36:25.958,S,123614,1.0
18062.8632874463,2019-06-15 20:43:08.035,S,123615,0.0
18065.646248400004,2019-06-18 15:30:35.863,P,123622,
18065.646271976457,2019-06-18 15:30:37.898,S,123622,0.0
18066.9395051,2019-06-19 22:32:53.243,P,123624,
18066.939529884374,2019-06-19 22:32:55.382,S,123624,0.0
18073.371004400004,2019-06-26 08:54:14.778,P,123640,
18075.3864202,2019-06-28 09:16:26.708,P,123652,
18076.238633,2019-06-29 05:43:37.889,P,123655,
18076.238804324275,2019-06-29 05:43:52.693,S,123655,2.0
18078.80581679056,2019-07-01 19:20:22.570,P,123662,0.0
18078.80589617748,2019-07-01 19:20:29.429,S,123662,1.0
18078.815917900003,2019-07-01 19:34:55.308,P,123663,
18078.815941341967,2019-07-01 19:34:57.331,S,123663,0.0
18079.1555918,2019-07-02 03:44:03.130,P,123665,
18079.1557228653,2019-07-02 03:44:14.455,S,123665,1.0
18080.6574825,2019-07-03 15:46:46.484,P,123669,
18082.8301841,2019-07-05 19:55:27.907,P,123674,
18084.110189,2019-07-07 02:38:40.326,P,123675,
18084.110270769543,2019-07-07 02:38:47.394,S,123675,0.0
18087.93506599565,2019-07-10 22:26:29.702,S,123678,0.0
18093.697904400004,2019-07-16 16:44:58.938,P,123686,
18095.9144956,2019-07-18 21:56:52.422,P,123691,
18100.0304493,2019-07-23 00:43:50.815,P,123702,
18100.030592134382,2019-07-23 00:44:03.160,S,123702,2.0
18100.0438156,2019-07-23 01:03:05.664,P,123703,
18100.043839006383,2019-07-23 01:03:07.690,S,123703,0.0
18101.1493696,2019-07-24 03:35:05.530,P,123704,
18101.149422933653,2019-07-24 03:35:10.141,S,123704,2.0
18107.9562494,2019-07-30 22:56:59.943,P,123711,
18110.6900147,2019-08-02 16:33:37.267,P,123713,
18111.018066,2019-08-03 00:26:00.905,P,123714,
18111.018094384614,2019-08-03 00:26:03.354,S,123714,0.0
18113.7953321,2019-08-05 19:05:16.693,P,123720,
18115.8807273,2019-08-07 21:08:14.840,P,123723,
18115.880783364715,2019-08-07 21:08:19.682,S,123723,1.0
18117.100424400003,2019-08-09 02:24:36.667,P,123724,
18117.2795005,2019-08-09 06:42:28.843,P,123726,
18123.7215809,2019-08-15 17:19:04.589,P,123733,
18123.72166350802,2019-08-15 17:19:11.727,S,123733,0.0
18130.9251437,2019-08-22 22:12:12.414,P,123739,
18132.229273900004,2019-08-24 05:30:09.268,P,123740,
18132.3443431,2019-08-24 08:15:51.246,P,123741,
18132.34449555064,2019-08-24 08:16:04.415,S,123741,2.0
18133.2427701,2019-08-25 05:49:35.334,P,123744,
18133.242798545143,2019-08-25 05:49:37.794,S,123744,0.0
18140.9195229,2019-09-01 22:04:06.781,P,123752,
18143.8184024,2019-09-04 19:38:29.970,P,123757,
18145.0107482,2019-09-06 00:15:28.643,P,123758,
18145.748103,2019-09-06 17:57:16.099,P,123759,
18149.8339043,2019-09-10 20:00:49.332,P,123762,
18151.1636624,2019-09-12 03:55:40.434,P,123764,
18151.16373773449,2019-09-12 03:55:46.940,S,123764,0.0
18153.6854703,2019-09-14 16:27:04.631,P,123768,
18153.68550316187,2019-09-14 16:27:07.473,S,123768,0.0
18153.9200228,2019-09-14 22:04:49.973,P,123769,
18162.070372925864,2019-09-23 01:41:20.220,S,123782,1.0
18163.0337288,2019-09-24 00:48:34.170,P,123785,
18163.033739646064,2019-09-24 00:48:35.105,S,123785,0.0
18170.69386511441,2019-10-01 16:39:09.945,S,123793,0.0
18172.8047642,2019-10-03 19:18:51.628,P,123799,
18174.366685,2019-10-05 08:48:01.580,P,123803,
18174.36674024819,2019-10-05 08:48:06.357,S,123803,1.0
18174.5906842,2019-10-05 14:10:35.118,P,123804,
18175.2187818,2019-10-06 05:15:02.748,P,123806,
18175.218810011484,2019-10-06 05:15:05.184,S,123806,0.0
18175.88794703245,2019-10-06 21:18:38.623,S,123808,1.0
18177.622435782592,2019-10-08 14:56:18.451,P,123811,0.0
18177.761294821736,2019-10-08 18:16:15.872,P,123812,0.0
18177.76134411872,2019-10-08 18:16:20.131,S,123812,0.0
18179.01305046653,2019-10-10 00:18:47.560,P,123815,0.0
18179.7872456,2019-10-10 18:53:38.021,P,123816,
18179.78726410749,2019-10-10 18:53:39.618,S,123816,0.0
18179.9797181,2019-10-10 23:30:47.643,P,123819,
18179.979812206904,2019-10-10 23:30:55.774,S,123819,2.0
18183.5395418,2019-10-14 12:56:56.414,P,123823,
18183.539778745333,2019-10-14 12:57:16.883,S,123823,0.0
18183.6639992,2019-10-14 15:56:09.532,P,123825,
18183.66423509337,2019-10-14 15:56:29.912,S,123825,0.0
18183.747055119784,2019-10-14 17:55:45.562,S,123827,0.0
18184.8027977,2019-10-15 19:16:01.719,P,123832,
18184.802825674426,2019-10-15 19:16:04.138,S,123832,0.0
18186.54869298797,2019-10-17 13:10:07.074,S,123834,0.0
18186.8950599,2019-10-17 21:28:53.174,P,123835,
18186.89509648614,2019-10-17 21:28:56.336,S,123835,0.0
18192.873343833216,2019-10-23 20:57:36.907,P,123845,0.0
18192.88767223048,2019-10-23 21:18:14.880,S,123846,0.0
18200.482655400006,2019-10-31 11:35:01.429,P,123859,
18200.482694528167,2019-10-31 11:35:04.807,S,123859,0.0
18200.9156938,2019-10-31 21:58:35.944,P,123861,
18200.91570585784,2019-10-31 21:58:36.986,S,123861,2.0
18201.778285,2019-11-01 18:40:43.826,P,123863,
18201.778314108844,2019-11-01 18:40:46.339,S,123863,0.0
18202.5883444,2019-11-02 14:07:12.952,P,123867,
18204.37211691584,2019-11-04 08:55:50.901,S,123874,1.0
18204.80627436321,2019-11-04 19:21:02.104,S,123876,2.0
18207.6451883,2019-11-07 15:29:04.270,P,123887,
18207.645216642373,2019-11-07 15:29:06.717,S,123887,2.0
18207.9622232,2019-11-07 23:05:36.085,P,123888,
18207.96237601064,2019-11-07 23:05:49.287,S,123888,2.0
18213.697582900884,2019-11-13 16:44:31.162,P,123900,0.0
18213.697656434862,2019-11-13 16:44:37.515,S,123900,0.0
18213.8207153,2019-11-13 19:41:49.803,P,123902,
18213.8207426738,2019-11-13 19:41:52.167,S,123902,2.0
18216.8017668,2019-11-16 19:14:32.654,P,123908,
18217.8935115,2019-11-17 21:26:39.390,P,123913,
18217.89357108145,2019-11-17 21:26:44.541,S,123913,0.0
18222.1578573,2019-11-22 03:47:18.869,P,123923,
18222.15800101337,2019-11-22 03:47:31.287,S,123923,2.0
18223.6561774,2019-11-23 15:44:53.725,P,123925,
18223.656205396845,2019-11-23 15:44:56.146,S,123925,0.0
18223.806519052137,2019-11-23 19:21:23.246,S,123927,0.0
18225.1648743,2019-11-25 03:57:25.139,P,123932,
18225.164901985707,2019-11-25 03:57:27.531,S,123932,0.0
18225.48611118297,2019-11-25 11:40:00.006,P,123936,0.0
18225.49254264514,2019-11-25 11:49:15.684,P,123937,0.0
18231.5557585,2019-12-01 13:20:17.530,P,123958,
18231.555788019403,2019-12-01 13:20:20.084,S,123958,2.0
18231.788967921453,2019-12-01 18:56:06.828,S,123959,1.0
18233.1074837,2019-12-03 02:34:46.594,P,123961,
18235.6582429,2019-12-05 15:47:52.183,P,123967,
18235.658286568985,2019-12-05 15:47:55.959,S,123967,2.0
18235.677508400004,2019-12-05 16:15:36.729,P,123968,
18236.788149943568,2019-12-06 18:54:56.155,S,123973,2.0
18239.9623443942,2019-12-09 23:05:46.555,S,123981,2.0
18240.1840118,2019-12-10 04:24:58.620,P,123985,
18240.755061772103,2019-12-10 18:07:17.337,S,123987,2.0
18251.002222202853,2019-12-21 00:03:11.998,P,124007,0.0
18253.88122790804,2019-12-23 21:08:58.091,S,124009,2.0
18257.30570200413,2019-12-27 07:20:12.653,P,124014,0.0
18258.9199979,2019-12-28 22:04:47.815,P,124016,
18258.920036428182,2019-12-28 22:04:51.147,S,124016,2.0
18263.60849414032,2020-01-02 14:36:13.893,P,124019,0.0
18267.73901755537,2020-01-06 17:44:11.116,S,124026,2.0
18270.2238405,2020-01-09 05:22:19.815,P,124030,
18270.22385882473,2020-01-09 05:22:21.402,S,124030,2.0
18274.4775175,2020-01-13 11:27:37.507,P,124034,
18274.477560050364,2020-01-13 11:27:41.188,S,124034,2.0
18277.75109804734,2020-01-16 18:01:34.871,S,124042,1.0
18280.26125164615,2020-01-19 06:16:12.142,S,124046,2.0
18280.2621612,2020-01-19 06:17:30.727,P,124047,
18280.26230740975,2020-01-19 06:17:43.360,S,124047,0.0
18284.957215795293,2020-01-23 22:58:23.444,S,124057,0.0
18285.8378021306,2020-01-24 20:06:26.104,P,124060,0.0
18285.83800167536,2020-01-24 20:06:43.344,S,124060,2.0
18288.102345525225,2020-01-27 02:27:22.653,S,124063,1.0
18288.706263063545,2020-01-27 16:57:01.128,S,124065,0.0
18291.644128089032,2020-01-30 15:27:32.666,S,124067,1.0
18292.1359844,2020-01-31 03:15:49.055,P,124069,
18292.15409521701,2020-01-31 03:41:53.826,P,124070,0.0
18295.4352463,2020-02-03 10:26:45.276,P,124076,
18295.435300093028,2020-02-03 10:26:49.928,S,124076,0.0
18295.715114310853,2020-02-03 17:09:45.876,S,124080,0.0
18295.71859003045,2020-02-03 17:14:46.178,S,124081,1.0
18296.1156355,2020-02-04 02:46:30.905,P,124088,
18298.2042201,2020-02-06 04:54:04.617,P,124092,
18308.03116134349,2020-02-16 00:44:52.340,S,124107,2.0
18313.8204015009,2020-02-21 19:41:22.689,S,124114,0.0
18314.369356921983,2020-02-22 08:51:52.438,P,124115,0.0
18317.87131470268,2020-02-25 20:54:41.590,S,124123,2.0
18318.75735253252,2020-02-26 18:10:35.258,S,124126,0.0
18320.1177835,2020-02-28 02:49:36.498,P,124128,
18320.1178016977,2020-02-28 02:49:38.066,S,124128,1.0
18320.2761762,2020-02-28 06:37:41.621,P,124132,
18320.27623764547,2020-02-28 06:37:46.932,S,124132,1.0
18322.112403,2020-03-01 02:41:51.620,P,124135,
18323.8847747726,2020-03-02 21:14:04.540,P,124138,0.0
18323.884914238424,2020-03-02 21:14:16.590,S,124138,1.0
18324.7429157,2020-03-03 17:49:47.919,P,124140,
18331.86475386136,2020-03-10 20:45:14.733,S,124151,0.0
18334.1666564,2020-03-13 03:59:59.110,P,124156,
18334.166701687107,2020-03-13 04:00:03.025,S,124156,0.0
18336.5101301,2020-03-15 12:14:35.238,P,124161,
18336.51015801115,2020-03-15 12:14:37.652,S,124161,0.0
18336.5105067,2020-03-15 12:15:07.780,P,124162,
18348.158274200006,2020-03-27 03:47:54.890,P,124182,
18348.1582743,2020-03-27 03:47:54.898,P,124183,
18348.353302128853,2020-03-27 08:28:45.303,S,124185,0.0
18348.366940935848,2020-03-27 08:48:23.696,S,124186,0.0
18348.88957285296,2020-03-27 21:20:59.094,S,124188,2.0
18348.89793800106,2020-03-27 21:33:01.843,S,124189,2.0
18352.154165899745,2020-03-31 03:41:59.933,S,124197,0.0
18353.37498977355,2020-04-01 08:59:59.116,P,124200,0.0
18353.37500571644,2020-04-01 09:00:00.493,S,124200,0.0
18353.6028067,2020-04-01 14:28:02.499,P,124201,
18353.602870030725,2020-04-01 14:28:07.970,S,124201,2.0
18354.050254400005,2020-04-02 01:12:21.977,P,124205,
18354.665257900004,2020-04-02 15:57:58.283,P,124211,
18354.7049389,2020-04-02 16:55:06.722,P,124212,
18354.706134683256,2020-04-02 16:56:50.036,P,124213,0.0
18354.70617308941,2020-04-02 16:56:53.354,S,124213,2.0
18354.7096163,2020-04-02 17:01:50.844,P,124214,
18354.709653760896,2020-04-02 17:01:54.084,S,124214,1.0
18354.723163,2020-04-02 17:21:21.281,P,124215,
18354.77308480981,2020-04-02 18:33:14.527,P,124219,0.0
18355.3832572,2020-04-03 09:11:53.420,P,124221,
18355.383650430027,2020-04-03 09:12:27.397,P,124222,0.0
18355.3845632,2020-04-03 09:13:46.262,P,124223,
18355.384601464888,2020-04-03 09:13:49.566,S,124223,2.0
18355.399575137624,2020-04-03 09:35:23.291,P,124224,0.0
18355.399613067068,2020-04-03 09:35:26.568,S,124224,0.0
18356.0210194,2020-04-04 00:30:16.080,P,124228,
18356.0328227,2020-04-04 00:47:15.879,P,124229,
18356.038095400007,2020-04-04 00:54:51.440,P,124230,
18356.0381326374,2020-04-04 00:54:54.659,S,124230,1.0
18356.2476007,2020-04-04 05:56:32.700,P,124239,
18356.247639365265,2020-04-04 05:56:36.041,S,124239,0.0
18356.6242379,2020-04-04 14:58:54.151,P,124246,
18356.624276902567,2020-04-04 14:58:57.524,S,124246,0.0
18357.7699698,2020-04-05 18:28:45.393,P,124260,
18358.909517052893,2020-04-06 21:49:42.273,S,124267,0.0
18360.550722809123,2020-04-08 13:13:02.450,P,124272,0.0
18361.6254543,2020-04-09 15:00:39.250,P,124273,
18361.62553561321,2020-04-09 15:00:46.276,S,124273,0.0
18365.912610270527,2020-04-13 21:54:09.527,S,124283,2.0
18366.187064001893,2020-04-14 04:29:22.329,S,124286,2.0
18367.93179330874,2020-04-15 22:21:46.941,S,124296,2.0
18377.809061,2020-04-25 19:25:02.866,P,124349,
18377.80909375315,2020-04-25 19:25:05.700,S,124349,2.0
18380.782075068186,2020-04-28 18:46:11.285,P,124356,0.0
18380.78210815993,2020-04-28 18:46:14.145,S,124356,2.0
18380.942307018297,2020-04-28 22:36:55.326,P,124358,0.0
18380.942437596368,2020-04-28 22:37:06.608,S,124358,2.0
18381.4562609,2020-04-29 10:57:00.942,P,124360,
18381.45633927768,2020-04-29 10:57:07.713,S,124360,2.0
18384.36125302716,2020-05-02 08:40:12.261,P,124367,0.0
18384.361402590257,2020-05-02 08:40:25.183,S,124367,2.0
18386.9554181,2020-05-04 22:55:48.127,P,124371,
18386.95566318473,2020-05-04 22:56:09.299,S,124371,2.0
18387.679971857968,2020-05-05 16:19:09.568,P,124373,0.0
18387.67999536801,2020-05-05 16:19:11.599,S,124373,2.0
18389.573159,2020-05-07 13:45:20.934,P,124383,
18389.573307043203,2020-05-07 13:45:33.728,S,124383,0.0
18390.333662551257,2020-05-08 08:00:28.444,P,124385,0.0
18390.33372458116,2020-05-08 08:00:33.803,S,124385,1.0
18392.4351673,2020-05-10 10:26:38.453,P,124397,
18392.4351975838,2020-05-10 10:26:41.071,S,124397,2.0
18393.1100593,2020-05-11 02:38:29.124,P,124399,
18393.11013325386,2020-05-11 02:38:35.513,S,124399,0.0
18393.16258860976,2020-05-11 03:54:07.655,P,124400,0.0
18393.162718017727,2020-05-11 03:54:18.836,S,124400,2.0
18394.3801668,2020-05-12 09:07:26.412,P,124404,
18394.38027815444,2020-05-12 09:07:36.032,S,124404,0.0
18398.1644655,2020-05-16 03:56:49.822,P,124408,
18398.16449842152,2020-05-16 03:56:52.663,S,124408,2.0
18398.1653665,2020-05-16 03:58:07.668,P,124409,
18398.165400564445,2020-05-16 03:58:10.608,S,124409,2.0
18398.78888337321,2020-05-16 18:55:59.523,P,124411,0.0
18398.789279099008,2020-05-16 18:56:33.714,S,124411,2.0
18405.209846519952,2020-05-23 05:02:10.739,P,124423,0.0
18405.209901144928,2020-05-23 05:02:15.458,S,124423,2.0
18408.9807528,2020-05-26 23:32:17.043,P,124431,
18414.84597445329,2020-06-01 20:18:12.192,S,124446,0.0
18418.2243849,2020-06-05 05:23:06.853,P,124451,
18418.2244371858,2020-06-05 05:23:11.372,S,124451,0.0
18418.2483699,2020-06-05 05:57:39.160,P,124452,
18418.24842221112,2020-06-05 05:57:43.679,S,124452,2.0
18418.664700159447,2020-06-05 15:57:10.093,P,124454,0.0
18422.2543337,2020-06-09 06:06:14.431,P,124460,
18422.25437777831,2020-06-09 06:06:18.240,S,124460,0.0
18423.3141978,2020-06-10 07:32:26.693,P,124463,
18423.31422357407,2020-06-10 07:32:28.916,S,124463,0.0
18423.3144068,2020-06-10 07:32:44.750,P,124464,
18423.31443042372,2020-06-10 07:32:46.788,S,124464,0.0
18423.3148328,2020-06-10 07:33:21.555,P,124465,
18423.314858273057,2020-06-10 07:33:23.754,S,124465,2.0
18427.740429355475,2020-06-14 17:46:13.096,S,124471,0.0
18428.12124826528,2020-06-15 02:54:35.850,S,124472,2.0
18429.0092164,2020-06-16 00:13:16.293,P,124476,
18430.90178532653,2020-06-17 21:38:34.252,P,124480,0.0
18430.90182885281,2020-06-17 21:38:38.012,S,124480,2.0
18431.568726700007,2020-06-18 13:38:57.989,P,124483,
18431.5687739904,2020-06-18 13:39:02.072,S,124483,0.0
18431.5753124,2020-06-18 13:48:26.993,P,124484,
18431.575360155177,2020-06-18 13:48:31.117,S,124484,0.0
18431.6680014,2020-06-18 16:01:55.321,P,124485,
18431.66809749128,2020-06-18 16:02:03.623,S,124485,0.0
18433.8285792,2020-06-20 19:53:09.244,P,124489,
18434.995470857943,2020-06-21 23:53:28.682,S,124490,2.0
18439.828049708904,2020-06-26 19:52:23.494,S,124495,2.0
18441.8091123,2020-06-28 19:25:07.302,P,124497,
18442.6050721,2020-06-29 14:31:18.230,P,124500,
18442.60511165089,2020-06-29 14:31:21.646,S,124500,2.0
18443.961910736227,2020-06-30 23:05:09.087,P,124502,0.0
18443.962039146307,2020-06-30 23:05:20.182,S,124502,1.0
18445.8583091,2020-07-02 20:35:57.906,P,124504,
18446.6556763,2020-07-03 15:44:10.431,P,124505,
18446.655725254343,2020-07-03 15:44:14.661,S,124505,1.0
18450.9375596,2020-07-07 22:30:05.146,P,124508,
18450.9376249221,2020-07-07 22:30:10.793,S,124508,2.0
18452.2249359,2020-07-09 05:23:54.459,P,124510,
18454.1139416,2020-07-11 02:44:04.556,P,124512,
18455.750485504188,2020-07-12 18:00:41.947,P,124514,0.0
18455.75051813296,2020-07-12 18:00:44.766,S,124514,0.0
18466.199291371944,2020-07-23 04:46:58.774,S,124519,0.0
18466.2001082,2020-07-23 04:48:09.352,P,124520,
18466.200175680257,2020-07-23 04:48:15.178,S,124520,0.0
18466.400066623435,2020-07-23 09:36:05.756,P,124521,0.0
18466.40011764097,2020-07-23 09:36:10.164,S,124521,2.0
18466.9726153,2020-07-23 23:20:33.965,P,124522,
18469.6407187,2020-07-26 15:22:38.099,P,124523,
18471.134986261182,2020-07-28 03:14:22.812,P,124525,0.0
18471.13506327607,2020-07-28 03:14:29.467,S,124525,2.0
18473.105428777504,2020-07-30 02:31:49.046,P,124529,0.0
18485.3614342,2020-08-11 08:40:27.913,P,124540,
18485.361467979263,2020-08-11 08:40:30.833,S,124540,0.0
18486.647695550208,2020-08-12 15:32:40.895,P,124542,0.0
18488.9414806,2020-08-14 22:35:43.926,P,124544,
18488.941604742,2020-08-14 22:35:54.649,S,124544,1.0
18494.679939,2020-08-20 16:19:06.733,P,124551,
18500.8571312,2020-08-26 20:34:16.132,P,124562,
18500.857159618303,2020-08-26 20:34:18.591,S,124562,0.0
18501.844162391008,2020-08-27 20:15:35.630,P,124563,0.0
18501.844578599328,2020-08-27 20:16:11.590,S,124563,2.0
18504.123214239367,2020-08-30 02:57:25.710,P,124570,0.0
18504.12324224792,2020-08-30 02:57:28.130,S,124570,0.0
18504.83204530762,2020-08-30 19:58:08.714,S,124571,0.0
18507.2809658,2020-09-02 06:44:35.447,P,124575,
18507.28112274653,2020-09-02 06:44:49.005,S,124575,2.0
18507.791493974608,2020-09-02 18:59:45.079,S,124579,0.0
18508.9200627,2020-09-03 22:04:53.419,P,124582,
18508.92009049515,2020-09-03 22:04:55.818,S,124582,2.0
18510.7002,2020-09-05 16:48:17.279,P,124585,
18520.3918038,2020-09-15 09:24:11.851,P,124597,
18520.39189662952,2020-09-15 09:24:19.868,S,124597,0.0
18520.851830900006,2020-09-15 20:26:38.186,P,124598,
18520.851922510275,2020-09-15 20:26:46.104,S,124598,2.0
18520.8523377,2020-09-15 20:27:21.981,P,124600,
18520.852428428083,2020-09-15 20:27:29.816,S,124600,1.0
18520.86542454068,2020-09-15 20:46:12.680,S,124601,0.0
18520.939353801856,2020-09-15 22:32:40.168,P,124602,0.0
18520.93948012325,2020-09-15 22:32:51.082,S,124602,2.0
18523.8654412,2020-09-18 20:46:14.121,P,124607,
18523.865468620806,2020-09-18 20:46:16.488,S,124607,0.0
18525.311558184345,2020-09-20 07:28:38.627,S,124613,1.0
18525.61197950847,2020-09-20 14:41:15.029,P,124614,0.0
18525.61236666542,2020-09-20 14:41:48.479,S,124614,2.0
18525.663581,2020-09-20 15:55:33.394,P,124615,
18525.66364084216,2020-09-20 15:55:38.568,S,124615,1.0
18525.6735165,2020-09-20 16:09:51.826,P,124616,
18525.67361028493,2020-09-20 16:09:59.928,S,124616,2.0
18527.26060120645,2020-09-22 06:15:15.944,P,124618,0.0
18527.260634587143,2020-09-22 06:15:18.828,S,124618,2.0
18528.123083066737,2020-09-23 02:57:14.376,P,124620,0.0
18528.12319544256,2020-09-23 02:57:24.086,S,124620,1.0
18530.43983447801,2020-09-25 10:33:21.698,S,124622,1.0
18533.22366904485,2020-09-28 05:22:05.005,P,124628,0.0
18533.223733729374,2020-09-28 05:22:10.594,S,124628,0.0
18537.323344683795,2020-10-02 07:45:36.980,P,124632,0.0
18537.323420308392,2020-10-02 07:45:43.514,S,124632,1.0
18539.3828417,2020-10-04 09:11:17.527,P,124634,
18539.38292331151,2020-10-04 09:11:24.574,S,124634,1.0
18539.47582630112,2020-10-04 11:25:11.392,P,124635,0.0
18539.475854369743,2020-10-04 11:25:13.817,S,124635,0.0
18539.80736912525,2020-10-04 19:22:36.692,S,124636,1.0
18542.23988340976,2020-10-07 05:45:25.926,P,124638,0.0
18542.239917691964,2020-10-07 05:45:28.888,S,124638,1.0
18542.6734952,2020-10-07 16:09:49.988,P,124640,
18542.67352350559,2020-10-07 16:09:52.430,S,124640,0.0
18544.2666421,2020-10-09 06:23:57.873,P,124644,
18544.42621,2020-10-09 10:13:44.543,P,124645,
18544.426228109576,2020-10-09 10:13:46.108,S,124645,2.0
18545.4794461,2020-10-10 11:30:24.143,P,124648,
18545.47951162217,2020-10-10 11:30:29.804,S,124648,2.0
18547.936267400004,2020-10-12 22:28:13.505,P,124650,
18548.8033757,2020-10-13 19:16:51.656,P,124653,
18548.80341922302,2020-10-13 19:16:55.420,S,124653,2.0
18549.982958400004,2020-10-14 23:35:27.606,P,124654,
18550.788325,2020-10-15 18:55:11.280,P,124657,
18550.788351792955,2020-10-15 18:55:13.594,S,124657,0.0
18551.02683880352,2020-10-16 00:38:38.872,P,124659,0.0
18553.5001002,2020-10-18 12:00:08.655,P,124668,
18553.50013880716,2020-10-18 12:00:11.992,S,124668,1.0
18560.0339933,2020-10-25 00:48:57.021,P,124677,
18560.03409342925,2020-10-25 00:49:05.672,S,124677,2.0
18567.0570275787,2020-11-01 01:22:07.182,P,124700,0.0
18567.057066303456,2020-11-01 01:22:10.528,S,124700,0.0
18569.02259267567,2020-11-03 00:32:32.007,S,124709,1.0
18574.9832823,2020-11-08 23:35:55.595,P,124725,
18574.98331957833,2020-11-08 23:35:58.811,S,124725,1.0
18575.3651867,2020-11-09 08:45:52.128,P,124728,
18575.36520966872,2020-11-09 08:45:54.115,S,124728,0.0
18576.9094143,2020-11-10 21:49:33.399,P,124736,
18576.909556801624,2020-11-10 21:49:45.707,S,124736,0.0
18578.2337763,2020-11-12 05:36:38.272,P,124744,
18578.2536912,2020-11-12 06:05:18.920,P,124745,
18579.998735632504,2020-11-13 23:58:10.758,S,124749,2.0
18580.8570177,2020-11-14 20:34:06.328,P,124753,
18580.8571177014,2020-11-14 20:34:14.969,S,124753,0.0
18583.3810783,2020-11-17 09:08:45.167,P,124757,
18585.7653080118,2020-11-19 18:22:02.612,P,124760,0.0
18585.765514652903,2020-11-19 18:22:20.466,S,124760,2.0
18587.158005035104,2020-11-21 03:47:31.635,P,124762,0.0
18587.158210519843,2020-11-21 03:47:49.388,S,124762,2.0
18592.9227976,2020-11-26 22:08:49.712,P,124764,
18594.4956573,2020-11-28 11:53:44.794,P,124768,
18594.495901870112,2020-11-28 11:54:05.921,S,124768,2.0
18595.03899751664,2020-11-29 00:56:09.385,P,124769,0.0
18595.03914076753,2020-11-29 00:56:21.762,S,124769,0.0
18595.04581215748,2020-11-29 01:05:58.170,S,124770,0.0
18596.4389949,2020-11-30 10:32:09.162,P,124779,
18596.439032779443,2020-11-30 10:32:12.432,S,124779,2.0
18596.44115487401,2020-11-30 10:35:15.781,P,124780,0.0
18596.574864266586,2020-11-30 13:47:48.272,P,124781,0.0
18596.57525729365,2020-11-30 13:48:22.230,S,124781,2.0
18600.0877274,2020-12-04 02:06:19.649,P,124788,
18600.08776308595,2020-12-04 02:06:22.730,S,124788,2.0
18601.35973989441,2020-12-05 08:38:01.526,P,124792,0.0
18601.531765,2020-12-05 12:45:44.497,P,124794,
18601.86875339492,2020-12-05 20:51:00.293,S,124797,0.0
18603.418686177825,2020-12-07 10:02:54.485,S,124802,2.0
18605.2921352,2020-12-09 07:00:40.482,P,124810,
18605.292336484923,2020-12-09 07:00:57.872,S,124810,2.0
18606.794632765406,2020-12-10 19:04:16.270,P,124815,0.0
18608.2289698,2020-12-12 05:29:42.989,P,124821,
18608.229048892863,2020-12-12 05:29:49.824,S,124821,0.0
18610.33212224114,2020-12-14 07:58:15.361,P,124825,0.0
18610.33215961621,2020-12-14 07:58:18.590,S,124825,0.0
18612.25959748404,2020-12-16 06:13:49.222,P,124831,0.0
18612.25966743477,2020-12-16 06:13:55.266,S,124831,0.0
18612.93792394005,2020-12-16 22:30:36.628,P,124833,0.0
18612.93794960253,2020-12-16 22:30:38.845,S,124833,0.0
18618.323680654248,2020-12-22 07:46:06.008,P,124844,0.0
18618.7609211,2020-12-22 18:15:43.579,P,124847,
18619.8389781,2020-12-23 20:08:07.707,P,124849,
18619.839105654817,2020-12-23 20:08:18.728,S,124849,2.0
18619.9181653,2020-12-23 22:02:09.484,P,124851,
18619.918294237148,2020-12-23 22:02:20.622,S,124851,0.0
18620.05331922786,2020-12-24 01:16:46.781,S,124852,0.0
18621.9638927,2020-12-25 23:08:00.332,P,124856,
18621.963933045707,2020-12-25 23:08:03.815,S,124856,2.0
18622.8817064,2020-12-26 21:09:39.428,P,124860,
18622.88173176168,2020-12-26 21:09:41.624,S,124860,0.0
18622.9717446,2020-12-26 23:19:18.734,P,124861,
18626.104267087027,2020-12-30 02:30:08.676,P,124866,0.0
18626.104409116047,2020-12-30 02:30:20.947,S,124866,2.0
18626.181300527787,2020-12-30 04:21:04.365,S,124867,2.0
18626.923919916782,2020-12-30 22:10:26.680,P,124871,0.0
18626.92395597352,2020-12-30 22:10:29.796,S,124871,0.0
18632.7665668,2021-01-05 18:23:51.374,P,124893,
18632.76663478419,2021-01-05 18:23:57.245,S,124893,2.0
18634.72424784601,2021-01-07 17:22:55.013,S,124896,0.0
18638.43955561981,2021-01-11 10:32:57.605,P,124906,0.0
18641.390680288016,2021-01-14 09:22:34.776,S,124909,2.0
18646.266898961127,2021-01-19 06:24:20.070,P,124924,0.0
18646.26704078561,2021-01-19 06:24:32.323,S,124924,0.0
18647.415492730528,2021-01-20 09:58:18.571,P,124929,0.0
18647.41564720088,2021-01-20 09:58:31.918,S,124929,1.0
18649.7475531,2021-01-22 17:56:28.587,P,124937,
18652.447151227352,2021-01-25 10:43:53.866,P,124941,0.0
18652.94591758308,2021-01-25 22:42:07.279,S,124945,2.0
18653.535055055498,2021-01-26 12:50:28.756,P,124947,0.0
18653.53519578112,2021-01-26 12:50:40.915,S,124947,0.0
18655.552956441017,2021-01-28 13:16:15.436,S,124952,2.0
18659.2504024,2021-02-01 06:00:34.768,P,124955,
18661.87727783876,2021-02-03 21:03:16.805,P,124958,0.0
18661.99946258996,2021-02-03 23:59:13.567,P,124959,0.0
18663.9903983,2021-02-05 23:46:10.409,P,124967,
18663.9904291302,2021-02-05 23:46:13.076,S,124967,1.0
18664.078133757885,2021-02-06 01:52:30.756,P,124969,0.0
18667.849659882075,2021-02-09 20:23:30.613,P,124982,0.0
18667.849682700227,2021-02-09 20:23:32.585,S,124982,2.0
18670.8896378,2021-02-12 21:21:04.702,P,124986,
18670.889687630195,2021-02-12 21:21:09.011,S,124986,2.0
18671.136252084823,2021-02-13 03:16:12.180,P,124987,0.0
18671.13628087267,2021-02-13 03:16:14.667,S,124987,0.0
18674.387205000006,2021-02-16 09:17:34.516,P,124991,
18674.387284541725,2021-02-16 09:17:41.384,S,124991,2.0
18674.7533084,2021-02-16 18:04:45.848,P,124993,
18674.75352115977,2021-02-16 18:05:04.228,S,124993,2.0
18675.766037906786,2021-02-17 18:23:05.675,S,124996,2.0
18676.1286452,2021-02-18 03:05:14.943,P,124997,
18679.6213356,2021-02-21 14:54:43.392,P,125003,
18679.621406288345,2021-02-21 14:54:49.503,S,125003,1.0
18679.662777659985,2021-02-21 15:54:23.989,S,125004,2.0
18679.90433823516,2021-02-21 21:42:14.823,S,125005,2.0
18682.2730257,2021-02-24 06:33:09.422,P,125010,
18682.273051100656,2021-02-24 06:33:11.615,S,125010,0.0
18685.0060037,2021-02-27 00:08:38.718,P,125021,
18685.00602882871,2021-02-27 00:08:40.890,S,125021,0.0
18685.2812113,2021-02-27 06:44:56.653,P,125022,
18688.2962708,2021-03-02 07:06:37.797,P,125032,
18688.29629428201,2021-03-02 07:06:39.825,S,125032,0.0
18688.3895869,2021-03-02 09:21:00.312,P,125033,
18688.389611078663,2021-03-02 09:21:02.397,S,125033,0.0
18688.60724783311,2021-03-02 14:34:26.212,S,125034,2.0
18690.2470593,2021-03-04 05:55:45.922,P,125042,
18690.24709426939,2021-03-04 05:55:48.944,S,125042,2.0
18690.9757731,2021-03-04 23:25:06.794,P,125044,
18691.9963884,2021-03-05 23:54:47.959,P,125046,
18692.3965873,2021-03-06 09:31:05.143,P,125047,
18692.396645316257,2021-03-06 09:31:10.155,S,125047,2.0
18696.736381722032,2021-03-10 17:40:23.380,S,125058,0.0
18699.1294003,2021-03-13 03:06:20.188,P,125066,
18699.129425022787,2021-03-13 03:06:22.321,S,125066,0.0
18706.0413618,2021-03-20 00:59:33.659,P,125082,
18706.041400178503,2021-03-20 00:59:36.975,S,125082,1.0
18707.0767643,2021-03-21 01:50:32.432,P,125086,
18707.076792488657,2021-03-21 01:50:34.871,S,125086,0.0
18712.339489410555,2021-03-26 08:08:51.885,S,125095,0.0
18712.4298094,2021-03-26 10:18:55.531,P,125096,
18712.429848413725,2021-03-26 10:18:58.902,S,125096,0.0
18718.9945651,2021-04-01 23:52:10.426,P,125107,
18722.7795788,2021-04-05 18:42:35.608,P,125111,
18722.779609731584,2021-04-05 18:42:38.280,S,125111,0.0
18723.166993181127,2021-04-06 04:00:28.210,S,125114,0.0
18723.24989421652,2021-04-06 05:59:50.860,P,125116,0.0
18725.1825542,2021-04-08 04:22:52.684,P,125126,
18726.6339315,2021-04-09 15:12:51.678,P,125128,
18726.633964233035,2021-04-09 15:12:54.509,S,125128,0.0
18727.2213409,2021-04-10 05:18:43.857,P,125130,
18730.829745651256,2021-04-13 19:54:50.024,S,125136,0.0
18734.41440078469,2021-04-17 09:56:44.227,S,125148,0.0
18739.79528186934,2021-04-22 19:05:12.353,S,125160,0.0
18741.5746944,2021-04-24 13:47:33.598,P,125163,
18741.57486038685,2021-04-24 13:47:47.937,S,125163,0.0
18745.080128647987,2021-04-28 01:55:23.115,S,125168,2.0
18745.61544449404,2021-04-28 14:46:14.404,S,125170,0.0
18747.825158734377,2021-04-30 19:48:13.714,P,125174,0.0
18748.2773385,2021-05-01 06:39:22.042,P,125177,
18761.3317099,2021-05-14 07:57:39.734,P,125208,
18762.3434953,2021-05-15 08:14:37.997,P,125210,
18762.3435520546,2021-05-15 08:14:42.897,S,125210,0.0
18763.940198689776,2021-05-16 22:33:53.166,S,125211,2.0
18764.6450285,2021-05-17 15:28:50.460,P,125212,
18764.645074589564,2021-05-17 15:28:54.444,S,125212,0.0
18766.8815932,2021-05-19 21:09:29.654,P,125218,
18766.88172659722,2021-05-19 21:09:41.178,S,125218,0.0
18772.5552242,2021-05-25 13:19:31.369,P,125224,
18772.9573331,2021-05-25 22:58:33.575,P,125226,
18774.626577000006,2021-05-27 15:02:16.254,P,125230,
18774.7364278,2021-05-27 17:40:27.361,P,125231,
18774.73645911581,2021-05-27 17:40:30.067,S,125231,0.0
18777.8569574,2021-05-30 20:34:01.117,P,125236,
18777.857000117747,2021-05-30 20:34:04.810,S,125236,0.0
18777.9892471,2021-05-30 23:44:30.952,P,125237,
18778.26698270437,2021-05-31 06:24:27.305,P,125238,0.0
18789.807095400003,2021-06-11 19:22:13.043,P,125272,
18789.80713024181,2021-06-11 19:22:16.052,S,125272,0.0
18789.9052435,2021-06-11 21:43:33.039,P,125273,
18789.905390942888,2021-06-11 21:43:45.777,S,125273,2.0
18790.106216655808,2021-06-12 02:32:57.119,P,125274,0.0
18790.106367856377,2021-06-12 02:33:10.182,S,125274,2.0
18790.4699977,2021-06-12 11:16:47.799,P,125276,
18790.470096810925,2021-06-12 11:16:56.364,S,125276,1.0
18793.965032900003,2021-06-15 23:09:38.841,P,125282,
18795.010772,2021-06-17 00:15:30.703,P,125283,
18795.01081674739,2021-06-17 00:15:34.566,S,125283,2.0
18795.5039652,2021-06-17 12:05:42.590,P,125286,
18795.504024432685,2021-06-17 12:05:47.710,S,125286,0.0
18795.7345148,2021-06-17 17:37:42.079,P,125289,
18795.734587067807,2021-06-17 17:37:48.322,S,125289,0.0
18798.4660784,2021-06-20 11:11:09.173,P,125295,
18798.466110109333,2021-06-20 11:11:11.913,S,125295,0.0
18801.03700215056,2021-06-23 00:53:16.985,S,125300,0.0
18803.27204497298,2021-06-25 06:31:44.685,S,125306,0.0
18809.5516608,2021-07-01 13:14:23.496,P,125317,
18810.5612352,2021-07-02 13:28:10.719,P,125319,
18810.56126356765,2021-07-02 13:28:13.172,S,125319,0.0
18812.5829477,2021-07-04 13:59:26.678,P,125321,
18812.9506924,2021-07-04 22:48:59.826,P,125322,
18812.95073404239,2021-07-04 22:49:03.421,S,125322,1.0
18817.1325218,2021-07-09 03:10:49.885,P,125333,
18829.0032424,2021-07-21 00:04:40.141,P,125354,
18829.003277,2021-07-21 00:04:43.132,S,125354,0.0
18837.2954607,2021-07-29 07:05:27.808,P,125366,
18844.8614673,2021-08-05 20:40:30.776,P,125377,
18845.958763630213,2021-08-06 23:00:37.177,P,125378,0.0
18845.958845935023,2021-08-06 23:00:44.288,S,125378,1.0
18849.8079204,2021-08-10 19:23:24.322,P,125387,
18852.939463548937,2021-08-13 22:32:49.650,P,125389,0.0
18852.93949311972,2021-08-13 22:32:52.205,S,125389,0.0
18853.425829135173,2021-08-14 10:13:11.637,S,125391,2.0
18856.9197766,2021-08-17 22:04:28.695,P,125393,
18856.919807124403,2021-08-17 22:04:31.335,S,125393,0.0
18857.2683428811,2021-08-18 06:26:24.824,S,125394,1.0
18859.6449688,2021-08-20 15:28:45.304,P,125396,
18859.64509845716,2021-08-20 15:28:56.506,S,125396,2.0
18860.95108957029,2021-08-21 22:49:34.138,S,125397,2.0
18879.13247962658,2021-09-09 03:10:46.239,P,125425,0.0
18879.132507539423,2021-09-09 03:10:48.651,S,125425,2.0
18879.8749568,2021-09-09 20:59:56.268,P,125427,
18879.874984501937,2021-09-09 20:59:58.660,S,125427,1.0
18886.1939399,2021-09-16 04:39:16.409,P,125444,
18890.3016363,2021-09-20 07:14:21.375,P,125452,
18890.80387514753,2021-09-20 19:17:34.812,S,125453,2.0
18891.88261985728,2021-09-21 21:10:58.355,P,125456,0.0
18891.88276321744,2021-09-21 21:11:10.741,S,125456,2.0
18893.85730860232,2021-09-23 20:34:31.463,S,125457,2.0
18894.9222405,2021-09-24 22:08:01.581,P,125462,
18894.92227908993,2021-09-24 22:08:04.913,S,125462,0.0
18895.478175616245,2021-09-25 11:28:34.373,P,125465,0.0
18895.9597127,2021-09-25 23:01:59.178,P,125467,
18898.8491404,2021-09-28 20:22:45.729,P,125476,
18898.84918481305,2021-09-28 20:22:49.567,S,125476,0.0
18899.59654534537,2021-09-29 14:19:01.517,P,125477,0.0
18899.59657890488,2021-09-29 14:19:04.417,S,125477,2.0
18900.84847334629,2021-09-30 20:21:48.097,S,125482,2.0
18906.13809241744,2021-10-06 03:18:51.184,S,125497,1.0
18906.891265135284,2021-10-06 21:23:25.307,S,125500,1.0
18909.02230956699,2021-10-09 00:32:07.546,P,125504,0.0
18910.5870293,2021-10-10 14:05:19.327,P,125508,
18913.7909312,2021-10-13 18:58:56.457,P,125519,
18913.790968902136,2021-10-13 18:58:59.713,S,125519,1.0
18914.185137510394,2021-10-14 04:26:35.880,P,125520,0.0
18914.18517638195,2021-10-14 04:26:39.239,S,125520,1.0
18914.2276293,2021-10-14 05:27:47.168,P,125521,
18914.22769938932,2021-10-14 05:27:53.227,S,125521,0.0
18919.2319446,2021-10-19 05:34:00.013,P,125536,
18920.2796186,2021-10-20 06:42:39.047,P,125541,
18920.58415272024,2021-10-20 14:01:10.795,P,125543,0.0
18921.9278255,2021-10-21 22:16:04.125,P,125547,
18921.92814555249,2021-10-21 22:16:31.775,S,125547,2.0
18922.1359812,2021-10-22 03:15:48.772,P,125549,
18922.13601795513,2021-10-22 03:15:51.951,S,125549,0.0
18924.8054611,2021-10-24 19:19:51.835,P,125558,
18925.3652807,2021-10-25 08:46:00.251,P,125560,
18925.8913777,2021-10-25 21:23:35.035,P,125563,
18925.89152298178,2021-10-25 21:23:47.585,S,125563,2.0
18925.9996565812,2021-10-25 23:59:30.328,S,125565,1.0
18927.60779999047,2021-10-27 14:35:13.919,S,125571,0.0
18935.55578147863,2021-11-04 13:20:19.519,P,125597,0.0
18937.04704934777,2021-11-06 01:07:45.063,S,125604,0.0
18942.9810444,2021-11-11 23:32:42.235,P,125615,
18943.6020623,2021-11-12 14:26:58.180,P,125616,
18943.60241967004,2021-11-12 14:27:29.059,S,125616,2.0
18943.605282578592,2021-11-12 14:31:36.414,P,125617,0.0
18944.68042786035,2021-11-13 16:19:48.967,S,125623,0.0
18947.3216165,2021-11-16 07:43:07.663,P,125633,
18947.321760844567,2021-11-16 07:43:20.136,S,125633,2.0
18947.90968742679,2021-11-16 21:49:56.993,S,125638,0.0
18947.9933276,2021-11-16 23:50:23.506,P,125639,
18950.0106437,2021-11-19 00:15:19.613,P,125643,
18950.9175648,2021-11-19 22:01:17.596,P,125645,
18950.917737521795,2021-11-19 22:01:32.521,S,125645,2.0
18956.8421414,2021-11-25 20:12:41.020,P,125651,
18957.12687700588,2021-11-26 03:02:42.173,S,125652,2.0
18958.991208372925,2021-11-27 23:47:20.403,S,125655,2.0
18966.1180423,2021-12-05 02:49:58.856,P,125669,
18966.11817299484,2021-12-05 02:50:10.146,S,125669,1.0
18972.759588175453,2021-12-11 18:13:48.418,S,125682,2.0
18972.96984335584,2021-12-11 23:16:34.465,P,125684,0.0
18974.61186677808,2021-12-13 14:41:05.289,S,125690,0.0
18977.1186722,2021-12-16 02:50:53.276,P,125696,
18977.1186997684,2021-12-16 02:50:55.659,S,125696,0.0
18977.984453381545,2021-12-16 23:37:36.772,P,125699,0.0
18977.98448113371,2021-12-16 23:37:39.169,S,125699,0.0
18978.23512639725,2021-12-17 05:38:34.920,P,125700,0.0
18978.23522184362,2021-12-17 05:38:43.167,S,125700,2.0
18978.364598045755,2021-12-17 08:45:01.271,P,125701,0.0
18978.36469505856,2021-12-17 08:45:09.653,S,125701,2.0
18978.86224530683,2021-12-17 20:41:37.994,S,125704,1.0
18979.116365329344,2021-12-18 02:47:33.964,S,125705,1.0
18980.3692841,2021-12-19 08:51:46.145,P,125707,
18986.988618219428,2021-12-25 23:43:36.614,P,125721,0.0
18986.98864577488,2021-12-25 23:43:38.994,S,125721,1.0
18990.134349400007,2021-12-29 03:13:27.789,P,125729,
18990.1343915639,2021-12-29 03:13:31.431,S,125729,0.0
18990.66508484625,2021-12-29 15:57:43.330,P,125732,0.0
18990.66510318392,2021-12-29 15:57:44.915,S,125732,1.0
18992.00612840407,2021-12-31 00:08:49.494,S,125733,0.0
18992.3926904,2021-12-31 09:25:28.452,P,125737,
18992.392713551657,2021-12-31 09:25:30.450,S,125737,0.0
19003.0477411,2022-01-11 01:08:44.834,P,125768,
19006.12425178529,2022-01-14 02:58:55.354,P,125777,0.0
19006.124298993596,2022-01-14 02:58:59.433,S,125777,1.0
19006.727107245028,2022-01-14 17:27:02.065,S,125778,0.0
19008.004294637165,2022-01-16 00:06:11.056,S,125783,1.0
19009.22710195045,2022-01-17 05:27:01.608,S,125787,0.0
19009.357023833632,2022-01-17 08:34:06.859,P,125788,0.0
19009.81772163595,2022-01-17 19:37:31.149,S,125790,0.0
19012.77182059411,2022-01-20 18:31:25.299,S,125793,2.0
19013.7102632,2022-01-21 17:02:46.736,P,125794,
19014.803436105853,2022-01-22 19:16:56.879,S,125799,0.0
19014.8776393,2022-01-22 21:03:48.035,P,125800,
19014.877709439217,2022-01-22 21:03:54.095,S,125800,0.0
19014.88875221823,2022-01-22 21:19:48.191,S,125801,2.0
19014.894102352086,2022-01-22 21:27:30.443,S,125802,2.0
19014.9007127,2022-01-22 21:37:01.577,P,125804,
19014.900782927627,2022-01-22 21:37:07.644,S,125804,1.0
19014.9031926,2022-01-22 21:40:35.838,P,125805,
19014.903262910266,2022-01-22 21:40:41.915,S,125805,0.0
19014.90966016431,2022-01-22 21:49:54.638,S,125806,2.0
19014.9132483,2022-01-22 21:55:04.657,P,125807,
19014.91331846945,2022-01-22 21:55:10.715,S,125807,0.0
19014.9236694,2022-01-22 22:10:05.033,P,125808,
19014.923739856582,2022-01-22 22:10:11.123,S,125808,0.0
19014.9302276,2022-01-22 22:19:31.661,P,125810,
19014.930261342724,2022-01-22 22:19:34.580,S,125810,0.0
19014.9456936,2022-01-22 22:41:47.928,P,125811,
19014.945764911976,2022-01-22 22:41:54.088,S,125811,0.0
19014.9563749,2022-01-22 22:57:10.788,P,125812,
19014.9564469801,2022-01-22 22:57:17.019,S,125812,0.0
19014.96463033144,2022-01-22 23:09:04.060,S,125813,0.0
19014.967932576823,2022-01-22 23:13:49.374,P,125814,0.0
19014.967963692725,2022-01-22 23:13:52.063,S,125814,0.0
19015.048767618737,2022-01-23 01:10:13.522,P,125815,0.0
19015.048836955066,2022-01-23 01:10:19.512,S,125815,0.0
19015.051715205154,2022-01-23 01:14:28.193,P,125816,0.0
19015.051785969226,2022-01-23 01:14:34.307,S,125816,1.0
19015.086099542037,2022-01-23 02:03:59.000,S,125817,1.0
19015.0886036,2022-01-23 02:07:35.348,P,125818,
19015.088674105646,2022-01-23 02:07:41.442,S,125818,0.0
19015.126886367623,2022-01-23 03:02:42.982,S,125819,0.0
19015.17353304862,2022-01-23 04:09:53.255,S,125820,2.0
19015.4362709,2022-01-23 10:28:13.808,P,125821,
19015.436341226094,2022-01-23 10:28:19.881,S,125821,0.0
19015.439410961466,2022-01-23 10:32:45.107,P,125822,0.0
19015.439479264005,2022-01-23 10:32:51.008,S,125822,2.0
19015.465517900004,2022-01-23 11:10:20.742,P,125823,
19015.465588067946,2022-01-23 11:10:26.809,S,125823,0.0
19015.476346706015,2022-01-23 11:25:56.355,S,125824,1.0
19015.870479551497,2022-01-23 20:53:29.433,S,125826,0.0
