plt_num,pickTime,Phase,evid,pickTime_floats,evname,prefor,lat,lon,depth,time,nass,ndef,mb,ms,ml,emodelx,emodely,emodelz,Unknown,UTCtime,orid,etype,dtype,msid,mlid,algorithm,auth,lddate,snr,angle,inclination,Ps,Pp,epi_direction,epi_distance,offset
17588.6282567,2018-02-26 15:04:41.376,P,121984,1519657481376.0,201802261503.0,20673.0,33.206,35.4928,11.8897, 2/26/2018 (057) 15:04:37.450,24,24,,1.7,1.5,0.107171,0.144398,0.140361,(057),2018-02-26T15:04:37.450000Z,,,,,,,,,4.769972757147194,346.6,76.8570953458706,0.87,0.32,296.42526506590184,16.290379010144495,50.17473493409815
17591.4058608,2018-03-01 09:44:26.368,P,121989,1519897466368.0,201803010942.0,20678.0,33.3312,35.6128,5.5038, 3/01/2018 (060)  9:44:21.850,9,9,,1.1,,0.143813,0.14548,0.153571,(060),2018-03-01T09:44:21.850000Z,,,,,,,,,1.3040944622142878,352.1,60.671202196275466,0.71,0.74,350.82229509233724,21.43540318019137,1.2777049076628235
17597.3713118,2018-03-07 08:54:41.340,P,121998,1520412881340.0,201803070853.0,20687.0,32.9907,35.6423,15.1372, 3/07/2018 (066)  8:54:37.260,9,9,,1.2,,0.11816,0.112321,0.0604346,(066),2018-03-07T08:54:37.260000Z,,,,,,,,,3.9169757869282593,127.2,58.74263828057805,0.68,0.78,182.33439017255216,16.715325897022087,-55.134390172552166
17604.177625,2018-03-14 04:15:46.796,P,122006,1521000946796.0,201803140415.0,20695.0,33.2892,35.8036,14.6127, 3/14/2018 (073)  4:15:42.060,13,13,,1.6,,0.151836,0.189657,0.162207,(073),2018-03-14T04:15:42.060000Z,,,,,,,,,10.749895985800315,35.7,66.53646165277367,0.89,0.66,40.9411888084633,21.844213051165298,-5.241188808463269
17610.3014533,2018-03-20 07:14:05.561,P,122015,1521530045561.0,201803200712.0,20704.0,33.2634,35.591,5.0, 3/20/2018 (079)  7:14:02.510,11,11,,1.6,,0.0963149,0.141603,0.10241,(079),2018-03-20T07:14:02.510000Z,,,,,,,,,1.8578208995552201,3.4,69.07519108343527,0.53,0.81,338.20125049974024,14.672043550942956,25.19874950025976
17617.0544586,2018-03-27 01:18:25.216,P,122029,1522113505216.0,201803270117.0,20718.0,34.7012,32.7456,30.0, 3/27/2018 (086)  1:17:41.630,40,40,,2.9,2.7,0.248853,2.0344,2.17006,(086),2018-03-27T01:17:41.630000Z,,,,,,,,,2.7528827307040977,349.1,60.45639184278341,0.84,0.53,303.72680277822076,319.1942996323422,45.373197221779236
17622.0122995,2018-04-01 00:17:42.674,P,122045,1522541862674.0,201804010015.0,20734.0,33.2043,35.6974,8.2873, 4/01/2018 (091)  0:17:41.210,10,10,,1.2,,0.0381818,0.0905033,0.260606,(091),2018-04-01T00:17:41.210000Z,,,,,,,,,64.81436429376787,29.8,72.62047890361224,0.87,0.93,32.241725067900475,8.336169816056714,-2.441725067900578
17624.9265266,2018-04-03 22:14:11.896,P,122047,1522793651896.0,201804032212.0,20736.0,32.9615,35.6345,22.2641, 4/03/2018 (093) 22:14:06.650,11,11,,1.1,,0.0479948,0.054351,0.125481,(093),2018-04-03T22:14:06.650000Z,,,,,,,,,3.0738941375691984,129.2,50.287125406969494,0.83,0.95,184.03961878668156,19.997951891663103,-54.83961878668159
17626.7389034,2018-04-05 17:44:01.248,P,122049,1522950241248.0,201804051743.0,20738.0,33.1069,35.6106,19.2904, 4/05/2018 (095) 17:43:57.430,14,14,,1.2,,0.118942,0.150032,0.114564,(095),2018-04-05T17:43:57.430000Z,,,,,,,,,2.356235892745161,90.8,56.04322108805177,0.63,0.3,223.86093025227575,5.2424787784948785,-133.06093025227574
17632.1050359,2018-04-11 02:31:15.101,P,122060,1523413875101.0,201804110229.0,20749.0,33.8173,35.1905,21.1326, 4/11/2018 (101)  2:31:00.320,33,33,,2.4,2.4,0.410341,0.409835,0.415869,(101),2018-04-11T02:31:00.320000Z,,,,,,,,,5.095394809916681,311.3,64.84567834280224,0.86,0.82,330.61091452758217,86.42841239984234,-19.310914527582153
17638.6569042,2018-04-17 15:45:56.523,P,122067,1523979956523.0,201804171544.0,20756.0,34.0552,36.8732,5.0, 4/17/2018 (107) 15:45:30.050,19,19,,3.3,3.4,1.18265,1.24528,1.31431,(107),2018-04-17T15:45:30.050000Z,,,,,,,,,5.33847375499841,29.0,59.03080846890528,0.89,0.76,47.76788881127073,152.24450251086498,-18.767888811270733
17639.4040771,2018-04-18 09:41:52.260,P,122068,1524044512260.0,201804180940.0,20757.0,33.1278,35.6484,5.0, 4/18/2018 (108)  9:41:50.900,9,9,,1.5,,0.0584695,0.107195,0.103513,(108),2018-04-18T09:41:50.900000Z,,,,,,,,,53.92496042364743,52.6,88.5496849041344,0.92,0.91,184.38675913440508,1.4609327674902912,-131.7867591344051
17640.2381302,2018-04-19 05:42:54.445,P,122070,1524116574445.0,201804190541.0,20759.0,32.9344,35.6358,23.2321, 4/19/2018 (109)  5:42:48.760,17,17,,1.5,,0.24839,0.127457,0.174199,(109),2018-04-19T05:42:48.760000Z,,,,,,,,,9.46529551356313,133.0,64.33825039356209,0.84,0.86,183.21028292648168,22.997757412409577,-50.21028292648169
17641.7113493,2018-04-20 17:04:20.574,P,122073,1524243860574.0,201804201702.0,20762.0,32.9261,35.6293,15.7812, 4/20/2018 (110) 17:04:15.620,21,21,,1.6,,0.214103,0.250098,0.25867,(110),2018-04-20T17:04:15.620000Z,,,,,,,,,10.20287962413629,134.8,63.163941912455506,0.84,0.93,184.53560157770934,23.959518977013975,-49.73560157770934
17642.2643658,2018-04-21 06:20:41.206,P,122074,1524291641206.0,201804210619.0,20763.0,32.6709,35.1943,15.8179, 4/21/2018 (111)  6:20:29.240,24,24,,1.6,1.1,0.152393,0.227509,0.162862,(111),2018-04-21T06:20:29.240000Z,,,,,,,,,1.340537098222342,158.3,57.37305422556037,0.62,0.16,219.24553917467838,67.36390458668639,-60.94553917467837
17644.5360434,2018-04-23 12:51:54.147,P,122075,1524487914147.0,201804231250.0,20764.0,34.5558,33.9346,30.0, 4/23/2018 (113) 12:51:22.190,27,27,,2.9,2.6,0.377352,0.672253,0.878667,(113),2018-04-23T12:51:22.190000Z,,,,,,,,,3.9777879649106422,341.0,65.02977000126255,0.93,0.42,315.2844659610665,223.23268785654486,25.715534038933527
17644.5406738,2018-04-23 12:58:34.218,P,122076,1524488314218.0,201804231257.0,20765.0,34.5365,33.9178,30.0, 4/23/2018 (113) 12:58:02.380,27,27,,3.6,3.7,0.380598,0.678024,0.656916,(113),2018-04-23T12:58:02.380000Z,,,,,,,,,5.581060322517538,314.0,65.3370891138293,0.86,0.5,314.6131686727801,222.84923929376188,-0.6131686727797071
17649.1982949,2018-04-28 04:45:32.680,P,122080,1524890732680.0,201804280443.0,20769.0,31.3252,35.5492,12.3785, 4/28/2018 (118)  4:45:01.270,38,38,,3.2,3.5,0.192871,0.185475,0.380409,(118),2018-04-28T04:45:01.270000Z,,,,,,,,,2.363553745589474,129.0,50.64523321361397,0.71,0.69,182.70487185099992,202.11731928918536,-53.704871850999936
17649.2853372,2018-04-28 06:50:53.135,P,122083,1524898253135.0,201804280649.0,20772.0,31.317,35.5562,12.0348, 4/28/2018 (118)  6:50:21.630,37,37,4.0,3.7,3.8,0.196269,0.142871,0.157353,(118),2018-04-28T06:50:21.630000Z,,,,,,,,,5.897336864984784,126.1,63.35914209700853,0.89,0.47,182.5054511645595,202.99858978678006,-56.405451164559516
17653.1745501,2018-05-02 04:11:21.128,P,122090,1525234281128.0,201805020409.0,20779.0,33.1469,35.7125,6.6082, 5/02/2018 (122)  4:11:18.250,6,6,,1.3,,0.0612303,0.0640603,0.10883,(122),2018-05-02T04:11:18.250000Z,,,,,,,,,2.3359332634992267,48.1,85.70673728899791,0.61,0.28,83.48339888069852,5.894092317529253,-35.38339888069852
17654.8089816,2018-05-03 19:24:56.009,P,122093,1525375496009.0,201805031923.0,20782.0,33.7039,35.8754,5.0, 5/03/2018 (123) 19:24:44.050,20,20,,2.1,,0.464719,0.525712,0.711056,(123),2018-05-03T19:24:44.050000Z,,,,,,,,,2.9223361383255413,309.1,72.63797044616764,0.64,0.72,18.445489204362215,66.0169732324865,-69.34548920436221
17667.3403889,2018-05-16 08:10:09.596,P,122138,1526458209596.0,201805160808.0,20827.0,33.0056,35.6248,19.749, 5/16/2018 (136)  8:10:04.960,11,11,,1.4,,0.0576885,0.112357,0.115175,(136),2018-05-16T08:10:04.960000Z,,,,,,,,,2.755389038513592,196.8,66.88552679297547,0.8,0.42,188.73901461020102,15.221107307785148,8.06098538979907
17667.8806283,2018-05-16 21:08:06.283,P,122140,1526504886283.0,201805162106.0,20829.0,32.1197,36.9258,5.0, 5/16/2018 (136) 21:07:37.650,37,37,,2.7,2.7,0.685208,0.730181,1.32304,(136),2018-05-16T21:07:37.650000Z,,,,,,,,,4.292671842771929,101.8,71.1657546532421,0.81,0.49,133.1901551921156,164.85023755042235,-31.390155192115607
17669.6558576,2018-05-18 15:44:26.095,P,122144,1526658266095.0,201805181542.0,20833.0,33.3442,35.6647,7.2831, 5/18/2018 (138) 15:44:21.670,34,34,,2.1,1.9,0.131992,0.154346,0.164865,(138),2018-05-18T15:44:21.670000Z,,,,,,,,,8.330624268131688,339.3,54.589139061538,0.88,0.82,3.5505096499006896,22.649503439979902,-24.250509649900685
17670.5880881,2018-05-19 14:06:50.809,P,122147,1526738810809.0,201805191405.0,20836.0,33.1889,35.6038,18.5071, 5/19/2018 (139) 14:06:47.320,21,21,,2.0,1.7,0.169026,0.211527,0.28394,(139),2018-05-19T14:06:47.320000Z,,,,,,,,,54.47335092129413,328.8,80.62719029524999,0.97,0.81,321.39702503266375,6.83092716154258,7.4029749673362515
17684.3544375,2018-06-02 08:30:23.397,P,122180,1527928223397.0,201806020828.0,20869.0,32.997,35.5588,5.0, 6/02/2018 (153)  8:30:19.280,27,27,,1.6,1.3,0.15459,0.165735,0.24887,(153),2018-06-02T08:30:19.280000Z,,,,,,,,,8.508281532139327,159.7,69.70452904404341,0.87,0.79,207.89386068452805,18.100250117834037,-48.19386068452806
17689.5889944,2018-06-07 14:08:09.114,P,122186,1528380489114.0,201806071406.0,20875.0,32.9413,35.622,16.2262, 6/07/2018 (158) 14:08:04.260,26,26,,1.9,1.8,0.217156,0.145805,0.113054,(158),2018-06-07T14:08:04.260000Z,,,,,,,,,19.815287150158802,164.6,63.64290076363036,0.85,0.85,186.61942750893598,22.343113909647673,-22.019427508935998
17689.9913242,2018-06-07 23:47:30.407,P,122188,1528415250407.0,201806072346.0,20877.0,32.6242,35.6212,5.0, 6/07/2018 (158) 23:47:19.550,39,39,,3.0,3.2,0.383743,0.384959,0.399697,(158),2018-06-07T23:47:19.550000Z,,,,,,,,,4.577970022049581,153.1,62.083673701421034,0.82,0.47,182.65050823763107,57.51559048922738,-29.550508237631096
17691.1037899,2018-06-09 02:29:27.448,P,122195,1528511367448.0,201806090228.0,20884.0,32.6172,35.6239,5.0, 6/09/2018 (160)  2:29:16.220,27,27,,2.0,1.8,0.378973,0.387968,0.405152,(160),2018-06-09T02:29:16.220000Z,,,,,,,,,2.3425728454206647,190.1,39.5420956668689,0.57,0.78,182.36698888157213,58.282216238694915,7.733011118427888
17696.2820074,2018-06-14 06:46:05.436,P,122211,1528958765436.0,201806140644.0,20900.0,33.2335,35.7246,5.0, 6/14/2018 (165)  6:46:02.750,13,13,,1.6,,0.0434813,0.0678194,0.046233,(165),2018-06-14T06:46:02.750000Z,,,,,,,,,3.801089582932805,29.1,74.16739840583108,0.75,0.46,34.1098392882787,12.439124992931491,-5.009839288278637
17699.6539462,2018-06-17 15:41:40.953,P,122221,1529250100953.0,201806171540.0,20910.0,33.6598,34.9352,16.1199, 6/17/2018 (168) 15:41:25.690,23,23,,2.4,2.2,0.351056,0.421157,0.710069,(168),2018-06-17T15:41:25.690000Z,,,,,,,,,2.5106490789040454,20.2,70.38668512126928,0.61,0.07,311.22057734501794,87.90439457081337,68.97942265498205
17703.6165296,2018-06-21 14:47:48.157,P,122228,1529592468157.0,201806211445.0,20917.0,33.2625,35.5886,5.0, 6/21/2018 (172) 14:47:44.780,11,11,,1.6,,0.0944238,0.144161,0.100399,(172),2018-06-21T14:47:44.780000Z,,,,,,,,,3.9721310752034698,358.5,63.51701400300292,0.71,0.75,337.2464542737184,14.664164119212108,21.253545726281537
17704.7641801,2018-06-22 18:20:25.157,P,122232,1529691625157.0,201806221818.0,20921.0,33.0136,35.6072,5.0, 6/22/2018 (173) 18:20:21.910,6,6,,0.6,,0.201179,0.0452039,0.0497709,(173),2018-06-22T18:20:21.910000Z,,,,,,,,,2.9443354274894444,202.9,58.4963642118505,0.67,0.79,195.6055889245323,14.696066281162917,7.294411075467715
17709.8693006,2018-06-27 20:51:47.567,P,122239,1530132707567.0,201806272050.0,20928.0,32.9254,35.6278,19.6366, 6/27/2018 (178) 20:51:42.230,11,11,,1.1,,0.233653,0.264382,0.272158,(178),2018-06-27T20:51:42.230000Z,,,,,,,,,2.64739713412938,165.6,47.24947222456918,0.72,0.61,184.85349138514954,24.0485262013211,-19.253491385149545
17712.7667083,2018-06-30 18:24:03.598,P,122242,1530383043598.0,201806301822.0,20931.0,33.146,34.7649,28.282, 6/30/2018 (181) 18:23:48.830,18,18,,1.7,1.6,0.395714,0.557089,0.554648,(181),2018-06-30T18:23:48.830000Z,,,,,,,,,1.8406764061454,68.2,56.05272194363662,0.56,0.23,270.6363079561195,82.37081173482093,157.56369204388054
17714.2497815,2018-07-02 05:59:41.120,P,122246,1530511181120.0,201807020558.0,20935.0,32.8742,35.5912,9.0628, 7/02/2018 (183)  5:59:34.980,30,30,,2.3,2.0,0.0827742,0.0420077,0.0647195,(183),2018-07-02T05:59:34.980000Z,,,,,,,,,4.619204360406652,152.5,56.81339194893179,0.9,0.57,190.42122883633868,30.151535073857072,-37.92122883633869
17716.0765441,2018-07-04 01:50:13.404,P,122249,1530669013404.0,201807040148.0,20938.0,32.862,35.576,9.1491, 7/04/2018 (185)  1:50:07.040,55,55,,4.2,,0.0170515,0.0176059,0.10414,(185),2018-07-04T01:50:07.040000Z,,,,,,,,,75.973836842066,160.1,59.83214753171042,0.93,0.48,192.49939703398755,31.76268737455676,-32.399397033987555
17716.0821772,2018-07-04 01:58:20.111,P,122251,1530669500111.0,201807040156.0,20940.0,32.8564,35.569,8.6059, 7/04/2018 (185)  1:58:13.890,65,65,,3.0,3.2,0.0819743,0.0828639,0.0959855,(185),2018-07-04T01:58:13.890000Z,,,,,,,,,3.0841748914871325,155.1,64.0765535545417,0.85,0.76,193.38773558721815,32.51566717769247,-38.287735587218165
17716.1401907,2018-07-04 03:21:52.474,P,122253,1530674512474.0,201807040320.0,20942.0,32.8319,35.579,5.0, 7/04/2018 (185)  3:21:44.930,26,26,,1.7,,0.118401,0.272359,0.217289,(185),2018-07-04T03:21:44.930000Z,,,,,,,,,2.428319317015676,346.1,6.118962423333863,0.45,0.5,190.86831232349914,34.984529141696136,155.23168767650088
17716.1524784,2018-07-04 03:39:34.129,P,122254,1530675574129.0,201807040337.0,20943.0,32.8488,35.5826,5.316, 7/04/2018 (185)  3:39:27.520,28,28,,1.9,,0.0385208,0.0611618,0.0940617,(185),2018-07-04T03:39:27.520000Z,,,,,,,,,1.9466725215340763,213.6,57.321674313523445,0.71,0.49,190.90777969151108,33.07561893227271,22.69222030848892
17716.1537996,2018-07-04 03:41:28.285,P,122255,1530675688285.0,201807040339.0,20944.0,32.8525,35.5854,6.5249, 7/04/2018 (185)  3:41:21.860,29,29,,2.1,,0.0407552,0.0726726,0.0724327,(185),2018-07-04T03:41:21.860000Z,,,,,,,,,1.9079933495209356,227.3,77.44516656991942,0.84,0.72,190.5929361413053,32.62274081307554,36.707063858694696
17716.1611851,2018-07-04 03:52:06.388,P,122256,1530676326388.0,201807040350.0,20945.0,32.8639,35.5768,7.7195, 7/04/2018 (185)  3:52:00.270,63,63,,3.9,,0.0436865,0.0768492,0.0957271,(185),2018-07-04T03:52:00.270000Z,,,,,,,,,15.89900963577129,160.7,56.41383004450943,0.84,0.54,192.44966025549454,31.540283677593543,-31.749660255494533
17716.1651161,2018-07-04 03:57:46.028,P,122257,1530676666028.0,201807040357.0,20946.0,32.8555,35.5714,6.0534, 7/04/2018 (185)  3:57:39.720,55,55,,3.0,,0.06264,0.0378031,0.0990445,(185),2018-07-04T03:57:39.720000Z,,,,,,,,,2.7700251842884454,170.7,56.56619178371869,0.8,0.29,192.96327694139714,32.56219239139157,-22.263276941397155
17716.1801416,2018-07-04 04:19:24.229,P,122260,1530677964229.0,201807040418.0,20949.0,32.8712,35.575,6.9908, 7/04/2018 (185)  4:19:17.970,45,45,,2.6,2.7,0.0648389,0.0708372,0.0926831,(185),2018-07-04T04:19:17.970000Z,,,,,,,,,5.0801398655505885,170.4,67.27978704426859,0.87,0.4,193.07989394001345,30.785514594396002,-22.679893940013432
17716.2241236,2018-07-04 05:22:44.278,P,122268,1530681764278.0,201807040521.0,20957.0,32.8575,35.5754,5.9426, 7/04/2018 (185)  5:22:37.620,36,36,,2.4,2.3,0.0631993,0.0608967,0.101144,(185),2018-07-04T05:22:37.620000Z,,,,,,,,,2.0002560132083436,156.7,50.53384726887811,0.58,0.37,192.4048657878141,32.263415379931494,-35.70486578781411
17716.2482556,2018-07-04 05:57:29.278,P,122270,1530683849278.0,201807040556.0,20959.0,32.8572,35.5682,8.1016, 7/04/2018 (185)  5:57:22.740,60,60,,3.3,3.3,0.0471997,0.0775308,0.0922588,(185),2018-07-04T05:57:22.740000Z,,,,,,,,,3.0056312766496114,155.2,57.00318425784917,0.78,0.39,193.55238204075002,32.44649266767554,-38.352382040750044
17716.823445,2018-07-04 19:45:45.646,P,122296,1530733545646.0,201807041944.0,20985.0,32.8533,35.5718,8.5709, 7/04/2018 (185) 19:45:39.660,63,63,,4.4,,0.0497581,0.0834827,0.0966043,(185),2018-07-04T19:45:39.660000Z,,,,,,,,,73.03438268345037,160.3,59.29424929485415,0.93,0.84,192.80407265266302,32.79239914907387,-32.504072652663034
17716.8274428,2018-07-04 19:51:31.052,P,122297,1530733891052.0,201807041950.0,20986.0,32.8558,35.5807,8.3213, 7/04/2018 (185) 19:51:24.490,45,45,,2.6,,0.0160673,0.0834751,0.0999093,(185),2018-07-04T19:51:24.490000Z,,,,,,,,,3.905241800129433,135.5,60.45725957408314,0.36,0.41,191.4765509059878,32.34628809930257,-55.97655090598782
17716.839315,2018-07-04 20:08:36.817,P,122301,1530734916817.0,201807042007.0,20990.0,32.8727,35.576,8.1268, 7/04/2018 (185) 20:08:30.380,46,46,,2.3,2.5,0.0742794,0.0802186,0.10136,(185),2018-07-04T20:08:30.380000Z,,,,,,,,,3.650529245034154,213.5,69.15070517178395,0.72,0.44,192.98000564357852,30.60199832685282,20.519994356421478
17716.8437936,2018-07-04 20:15:03.767,P,122302,1530735303767.0,201807042013.0,20991.0,32.8565,35.5872,8.4288, 7/04/2018 (185) 20:14:57.510,52,52,,2.9,3.0,0.0812544,0.08674,0.103257,(185),2018-07-04T20:14:57.510000Z,,,,,,,,,2.7913135201622343,160.6,62.824714734298766,0.71,0.47,190.44363346189596,32.154791893617336,-29.84363346189598
17716.8868502,2018-07-04 21:17:03.854,P,122315,1530739023854.0,201807042115.0,21004.0,32.8741,35.5777,6.7401, 7/04/2018 (185) 21:16:57.590,35,35,,1.8,1.8,0.0372783,0.0703736,0.0662539,(185),2018-07-04T21:16:57.590000Z,,,,,,,,,3.3989759175440795,162.8,72.48170624674921,0.87,0.78,192.7541942080555,30.414962454740323,-29.9541942080555
17716.9094048,2018-07-04 21:49:32.570,P,122320,1530740972570.0,201807042148.0,21009.0,32.8742,35.5714,6.2491, 7/04/2018 (185) 21:49:26.690,56,56,,3.3,3.4,0.034953,0.0641907,0.0878072,(185),2018-07-04T21:49:26.690000Z,,,,,,,,,2.61334499423575,184.5,61.10986489040426,0.72,0.82,193.8356216843762,30.539034690779772,-9.335621684376195
17716.9445958,2018-07-04 22:40:13.078,P,122329,1530744013078.0,201807042238.0,21018.0,32.8625,35.5805,7.0899, 7/04/2018 (185) 22:40:06.150,39,39,,1.9,1.8,0.0734874,0.0679477,0.111382,(185),2018-07-04T22:40:06.150000Z,,,,,,,,,2.8699758096209003,170.4,58.28547991815819,0.67,0.64,191.77745837832498,31.620221450128888,-21.377458378324942
17717.0589664,2018-07-05 01:24:54.697,P,122353,1530753894697.0,201807050123.0,21042.0,32.8329,35.5725,5.0, 7/05/2018 (186)  1:24:47.370,15,15,,2.1,2.0,0.258762,0.26937,0.27594,(186),2018-07-05T01:24:47.370000Z,,,,,,,,,4.58447775127562,168.4,59.667628575450024,0.9,0.4,191.87919754787777,34.99485212961949,-23.47919754787777
17717.0923914,2018-07-05 02:13:02.614,P,122358,1530756782614.0,201807050211.0,21047.0,32.829,35.5888,5.0, 7/05/2018 (186)  2:12:55.170,24,24,,1.7,,0.263338,0.261011,0.163049,(186),2018-07-05T02:12:55.170000Z,,,,,,,,,2.2631994228682046,211.7,67.06301422573219,0.47,0.58,189.30301611316548,35.14227334811898,22.396983886834523
17717.1667917,2018-07-05 04:00:10.798,P,122364,1530763210798.0,201807050358.0,21053.0,32.8392,35.5889,5.2518, 7/05/2018 (186)  4:00:03.960,29,29,,2.4,2.4,0.249398,0.248364,0.214917,(186),2018-07-05T04:00:03.960000Z,,,,,,,,,3.350592699250977,163.3,71.333598776875,0.86,0.88,189.59517592105954,34.021834443770686,-26.29517592105952
17717.1878747,2018-07-05 04:30:32.369,P,122369,1530765032369.0,201807050429.0,21058.0,32.8654,35.5799,5.0, 7/05/2018 (186)  4:30:25.210,16,16,,2.1,2.1,0.238941,0.249773,0.253274,(186),2018-07-05T04:30:25.210000Z,,,,,,,,,2.2100872403017195,176.9,40.64899249030137,0.46,0.54,191.9978852514556,31.316135285676662,-15.09788525145562
17717.2117252,2018-07-05 05:04:53.051,P,122371,1530767093051.0,201807050503.0,21060.0,32.834,35.5724,5.0, 7/05/2018 (186)  5:04:45.600,24,24,,1.8,1.8,0.153567,0.273189,0.0887787,(186),2018-07-05T05:04:45.600000Z,,,,,,,,,2.3548936930000703,165.7,59.94320441604075,0.83,0.41,191.93543882815828,34.87707217283891,-26.235438828158298
17717.2975736,2018-07-05 07:08:30.355,P,122374,1530774510355.0,201807050707.0,21063.0,32.827,35.5737,5.0, 7/05/2018 (186)  7:08:23.500,24,24,,2.3,2.2,0.24924,0.117036,0.158552,(186),2018-07-05T07:08:23.500000Z,,,,,,,,,3.0773012799484585,168.4,64.68368340365177,0.89,0.65,191.4861420754685,35.6147876274432,-23.086142075468512
17717.3541833,2018-07-05 08:30:01.431,P,122378,1530779401431.0,201807050828.0,21067.0,32.8262,35.5783,5.0, 7/05/2018 (186)  8:29:53.910,26,26,,2.3,2.2,0.158046,0.122747,0.160366,(186),2018-07-05T08:29:53.910000Z,,,,,,,,,5.003236506214466,149.0,76.52479709066493,0.74,0.92,190.78008825976343,35.61938331887578,-41.780088259763446
17717.3770923,2018-07-05 09:03:00.770,P,122382,1530781380770.0,201807050901.0,21071.0,32.8738,35.58,6.3326, 7/05/2018 (186)  9:02:54.740,44,44,,2.5,2.4,0.0585992,0.0683449,0.0910432,(186),2018-07-05T09:02:54.740000Z,,,,,,,,,2.501658775152205,177.0,63.09581041583326,0.86,0.52,192.34546282496112,30.40099733808726,-15.345462824961135
17717.4035455,2018-07-05 09:41:06.327,P,122385,1530783666327.0,201807050939.0,21074.0,32.8334,35.5826,5.0, 7/05/2018 (186)  9:40:59.020,21,21,,2.4,2.3,0.06589,0.274238,0.269073,(186),2018-07-05T09:40:59.020000Z,,,,,,,,,2.7999728256450154,154.9,67.356962274802,0.83,0.5,190.3753997375543,34.75878934034205,-35.475399737554284
17717.419873,2018-07-05 10:04:37.025,P,122387,1530785077025.0,201807051003.0,21076.0,32.8543,35.5748,7.2671, 7/05/2018 (186) 10:04:30.630,48,48,,2.9,2.9,0.0726033,0.0733619,0.0897949,(186),2018-07-05T10:04:30.630000Z,,,,,,,,,4.863337341702072,298.9,66.15808125146138,0.61,0.44,192.367199157699,32.622993862175946,106.532800842301
17717.7026015,2018-07-05 16:51:44.768,P,122400,1530809504768.0,201807051650.0,21089.0,32.8325,35.5753,5.0, 7/05/2018 (186) 16:51:36.990,24,24,,2.2,2.0,0.260498,0.271123,0.274394,(186),2018-07-05T16:51:36.990000Z,,,,,,,,,1.9311337986585657,174.0,68.11208308455163,0.63,0.65,191.44492325226037,34.98572098224314,-17.444923252260402
17717.7704551,2018-07-05 18:29:27.320,P,122403,1530815367320.0,201807051828.0,21092.0,32.8269,35.5878,5.0, 7/05/2018 (186) 18:29:20.010,18,18,,1.8,1.9,0.257301,0.160914,0.153712,(186),2018-07-05T18:29:20.010000Z,,,,,,,,,2.5555914685809045,136.5,76.61730941029394,0.67,0.76,189.39142373516296,35.38782644441341,-52.89142373516293
17717.8222526,2018-07-05 19:44:02.625,P,122405,1530819842625.0,201807051942.0,21094.0,32.8493,35.5658,5.0, 7/05/2018 (186) 19:43:55.200,27,27,,2.0,2.0,0.24296,0.253631,0.162989,(186),2018-07-05T19:43:55.200000Z,,,,,,,,,2.231158201443296,219.3,57.324885537956284,0.85,0.65,193.57438221717038,33.35300046168772,25.72561778282965
17717.8619664,2018-07-05 20:41:13.895,P,122408,1530823273895.0,201807052039.0,21097.0,32.8345,35.5695,5.0, 7/05/2018 (186) 20:41:06.370,23,23,,1.9,2.1,0.255619,0.266216,0.276563,(186),2018-07-05T20:41:06.370000Z,,,,,,,,,1.3929287445578447,172.3,62.41610099925962,0.55,0.66,192.38979398028533,34.87960143701092,-20.089793980285314
17717.9727461,2018-07-05 23:20:45.263,P,122416,1530832845263.0,201807052319.0,21105.0,32.8716,35.5712,7.8948, 7/05/2018 (186) 23:20:38.840,51,51,,2.7,3.0,0.0727376,0.0766823,0.0962306,(186),2018-07-05T23:20:38.840000Z,,,,,,,,,5.899831856055927,182.0,65.73210845849309,0.81,0.52,193.74121763646278,30.824299628587646,-11.741217636462787
17717.9979608,2018-07-05 23:57:03.808,P,122419,1530835023808.0,201807052355.0,21108.0,32.8672,35.5734,5.0, 7/05/2018 (186) 23:56:56.650,26,26,,2.1,2.1,0.140564,0.244855,0.257046,(186),2018-07-05T23:56:56.650000Z,,,,,,,,,4.263132273449036,161.7,56.46323873422995,0.78,0.71,193.1628156166604,31.252572608650404,-31.462815616660414
17718.0383933,2018-07-06 00:55:17.180,P,122422,1530838517180.0,201807060053.0,21111.0,32.8439,35.5599,6.6119, 7/06/2018 (187)  0:55:10.450,70,70,,2.7,2.8,0.0662394,0.0748225,0.0904022,(187),2018-07-06T00:55:10.450000Z,,,,,,,,,8.827522807965662,176.2,64.1842906467241,0.91,0.65,194.23942888918216,34.068011651508954,-18.03942888918218
17718.0460319,2018-07-06 01:06:17.156,P,122426,1530839177156.0,201807060104.0,21115.0,32.8549,35.5786,5.0, 7/06/2018 (187)  1:06:10.220,29,29,,2.4,2.4,0.15402,0.155976,0.172597,(187),2018-07-06T01:06:10.220000Z,,,,,,,,,6.014302225796171,172.2,65.57825890436136,0.88,0.74,191.7806649883732,32.48373452936003,-19.580664988373183
17718.8333046,2018-07-06 19:59:57.518,P,122483,1530907197518.0,201807061958.0,21172.0,32.8246,35.5882,5.0, 7/06/2018 (187) 19:59:50.070,26,26,,1.9,1.8,0.157858,0.156536,0.2405,(187),2018-07-06T19:59:50.070000Z,,,,,,,,,1.2551409511939504,115.1,56.139933460691914,0.66,0.85,189.26526268456368,35.6341802999883,-74.1652626845637
17718.8477437,2018-07-06 20:20:45.054,P,122487,1530908445054.0,201807062018.0,21176.0,32.8296,35.5821,5.0, 7/06/2018 (187) 20:20:38.300,14,14,,2.0,,0.143828,0.152404,0.259334,(187),2018-07-06T20:20:38.300000Z,,,,,,,,,1.77233258127916,307.9,70.5775994615223,0.71,0.23,190.32674873903485,35.1828664595328,117.57325126096512
17718.9004308,2018-07-06 21:36:37.221,P,122492,1530912997221.0,201807062135.0,21181.0,32.8309,35.5979,5.0, 7/06/2018 (187) 21:36:30.020,22,22,,1.8,1.6,0.110941,0.0647283,0.217246,(187),2018-07-06T21:36:30.020000Z,,,,,,,,,2.2948278652922207,217.6,63.143623966845254,0.73,0.82,187.97756641824205,34.806075403124915,29.622433581757953
17718.9310878,2018-07-06 22:20:45.983,P,122495,1530915645983.0,201807062219.0,21184.0,32.8395,35.5768,5.0, 7/06/2018 (187) 22:20:38.860,26,26,,1.9,1.9,0.153473,0.161498,0.179122,(187),2018-07-06T22:20:38.860000Z,,,,,,,,,2.464062015663966,195.0,70.96344323042183,0.66,0.75,191.4726343136521,34.19501776228931,3.5273656863477836
17718.9547822,2018-07-06 22:54:53.179,P,122499,1530917693179.0,201807062253.0,21188.0,32.8559,35.5831,5.0, 7/06/2018 (187) 22:54:46.640,32,32,,2.5,2.6,0.109574,0.251794,0.169923,(187),2018-07-06T22:54:46.640000Z,,,,,,,,,5.2557370459914345,158.3,69.31036943830841,0.89,0.33,191.09059555284858,32.29165929948804,-32.79059555284856
17719.0887921,2018-07-07 02:07:51.635,P,122505,1530929271635.0,201807070206.0,21194.0,32.8458,35.5937,5.9405, 7/07/2018 (188)  2:07:45.110,39,39,,3.3,,0.0336848,0.0410723,0.0591886,(188),2018-07-07T02:07:45.110000Z,,,,,,,,,6.232764828966525,156.3,60.264228127658704,0.85,0.45,189.042875904874,33.2251897016846,-32.74287590487397
17719.1866306,2018-07-07 04:28:44.880,P,122512,1530937724880.0,201807070427.0,21201.0,32.819,35.6041,5.0, 7/07/2018 (188)  4:28:37.510,31,31,,1.9,1.9,0.154374,0.166841,0.173277,(188),2018-07-07T04:28:37.510000Z,,,,,,,,,1.596405715727622,178.8,77.41419342358778,0.87,0.67,186.77447029361295,36.044382402731564,-7.97447029361293
17719.4907201,2018-07-07 11:46:38.216,P,122523,1530963998216.0,201807071145.0,21212.0,32.8402,35.5859,5.0, 7/07/2018 (188) 11:46:31.590,37,37,,2.4,2.5,0.111718,0.116553,0.150529,(188),2018-07-07T11:46:31.590000Z,,,,,,,,,1.6369388911740594,130.9,62.43781874184136,0.67,0.42,190.09264404248046,33.96001868553861,-59.192644042480474
17719.7698123,2018-07-07 18:28:31.779,P,122537,1530988111779.0,201807071827.0,21226.0,32.8584,35.6017,5.0, 7/07/2018 (188) 18:28:25.260,25,25,,2.1,2.0,0.249161,0.234795,0.260032,(188),2018-07-07T18:28:25.260000Z,,,,,,,,,1.8020883997762338,183.8,64.47842476666432,0.72,0.5,188.10644779431593,31.728585431305362,-4.3064477943159565
17720.4612101,2018-07-08 11:04:08.547,P,122554,1531047848547.0,201807081102.0,21243.0,32.8386,35.5832,5.0, 7/08/2018 (189) 11:04:01.550,22,22,,3.0,3.1,0.246427,0.251994,0.353019,(189),2018-07-08T11:04:01.550000Z,,,,,,,,,2.7267391813871287,262.9,68.86984480419689,0.86,0.82,190.45691320095335,34.179938063803554,72.44308679904661
17720.527274,2018-07-08 12:39:16.474,P,122555,1531053556474.0,201807081237.0,21244.0,32.8722,35.5934,5.0, 7/08/2018 (189) 12:39:10.220,22,22,,2.7,2.7,0.238012,0.0599765,0.0626991,(189),2018-07-08T12:39:10.220000Z,,,,,,,,,2.442294186173233,213.1,80.26525232294972,0.71,0.65,189.96375806069068,30.334191508322025,23.136241939309325
17720.5631294,2018-07-08 13:30:54.381,P,122557,1531056654381.0,201807081329.0,21246.0,32.8341,35.5993,5.174, 7/08/2018 (189) 13:30:47.850,36,36,,3.8,3.9,0.258613,0.244789,0.364424,(189),2018-07-08T13:30:47.850000Z,,,,,,,,,13.981306582181995,158.7,59.79944796028631,0.91,0.39,187.8438983875169,34.435673826886585,-29.14389838751692
17720.5791966,2018-07-08 13:54:02.584,P,122558,1531058042584.0,201807081352.0,21247.0,32.8415,35.5872,5.0, 7/08/2018 (189) 13:53:54.870,20,20,,2.4,2.2,0.259881,0.121905,0.261244,(189),2018-07-08T13:53:54.870000Z,,,,,,,,,3.7102337981375806,175.0,63.71211925654834,0.83,0.43,189.9327108446149,33.796607212232054,-14.932710844614892
17720.5987225,2018-07-08 14:22:09.622,P,122559,1531059729622.0,201807081420.0,21248.0,32.8276,35.5817,5.0, 7/08/2018 (189) 14:22:01.460,28,28,,2.3,2.4,0.267429,0.278066,0.273162,(189),2018-07-08T14:22:01.460000Z,,,,,,,,,2.3784249068790517,196.0,84.40654411629731,0.83,0.88,190.32197253472876,35.40835582896828,5.678027465271247
17720.6182896,2018-07-08 14:50:20.223,P,122560,1531061420223.0,201807081448.0,21249.0,32.819,35.5823,5.0, 7/08/2018 (189) 14:50:12.670,23,23,,1.9,1.7,0.120663,0.12237,0.167242,(189),2018-07-08T14:50:12.670000Z,,,,,,,,,3.057930660182293,146.9,49.43824765703765,0.71,0.45,189.96579242011936,36.33995790013351,-43.06579242011936
17720.6193144,2018-07-08 14:51:48.761,P,122561,1531061508761.0,201807081449.0,21250.0,32.832,35.5807,5.0, 7/08/2018 (189) 14:51:40.770,24,24,,2.1,2.1,0.263637,0.274294,0.271219,(189),2018-07-08T14:51:40.770000Z,,,,,,,,,3.9127015122097593,146.5,59.328024963244495,0.82,0.39,190.61594038025925,34.944101124118,-44.115940380259254
17720.8368305,2018-07-08 20:05:02.151,P,122565,1531080302151.0,201807082003.0,21254.0,32.8464,35.5924,5.445, 7/08/2018 (189) 20:04:55.380,43,43,,3.0,,0.0709572,0.0645302,0.0964716,(189),2018-07-08T20:04:55.380000Z,,,,,,,,,2.5147248145789467,137.7,57.904887778205385,0.82,0.57,189.26805589521467,33.178575856369164,-51.568055895214684
17720.9047745,2018-07-08 21:42:52.517,P,122571,1531086172517.0,201807082141.0,21260.0,32.8529,35.5921,7.2257, 7/08/2018 (189) 21:42:46.220,38,38,,3.4,3.5,0.0331785,0.0161351,0.0786413,(189),2018-07-08T21:42:46.220000Z,,,,,,,,,7.083117259652437,157.1,55.489934643393234,0.93,0.65,189.52158570748648,32.46999695898465,-32.421585707486486
17720.9993162,2018-07-08 23:59:00.914,P,122574,1531094340914.0,201807082357.0,21263.0,32.8821,35.5829,5.0, 7/08/2018 (189) 23:58:53.870,18,18,,1.7,1.6,0.1379,0.144443,0.146104,(189),2018-07-08T23:58:53.870000Z,,,,,,,,,3.834184452633198,288.3,79.73130269670476,0.55,0.93,192.21342054317356,29.441640835781733,96.08657945682647
17721.0414075,2018-07-09 00:59:37.604,P,122575,1531097977604.0,201807090058.0,21264.0,32.8231,35.5992,5.0, 7/09/2018 (190)  0:59:30.270,26,26,,2.3,2.5,0.250363,0.159313,0.124311,(190),2018-07-09T00:59:30.270000Z,,,,,,,,,5.752535243949875,149.0,49.75792966498857,0.86,0.2,187.5914161468664,35.64907034668416,-38.59141614686641
17721.1149467,2018-07-09 02:45:31.393,P,122576,1531104331393.0,201807090244.0,21265.0,32.8231,35.5932,5.0, 7/09/2018 (190)  2:45:23.950,25,25,,2.5,2.7,0.165017,0.26677,0.171431,(190),2018-07-09T02:45:23.950000Z,,,,,,,,,3.9739112723686425,165.3,67.50576598937064,0.76,0.87,188.48275995375755,35.72717845874031,-23.18275995375756
17721.6362601,2018-07-09 15:16:12.874,P,122597,1531149372874.0,201807091514.0,21286.0,32.8526,35.5894,6.0325, 7/09/2018 (190) 15:16:06.220,35,35,,3.0,3.0,0.0290846,0.0178513,0.102117,(190),2018-07-09T15:16:06.220000Z,,,,,,,,,3.042715169607906,218.7,67.26212463011254,0.65,0.7,189.9498467560412,32.54538937126896,28.75015324395876
17722.8093501,2018-07-10 19:25:27.847,P,122632,1531250727847.0,201807101924.0,21321.0,32.8341,35.5884,5.0, 7/10/2018 (191) 19:25:20.390,22,22,,2.3,2.3,0.266099,0.276813,0.264957,(191),2018-07-10T19:25:20.390000Z,,,,,,,,,2.7416921084536883,211.7,71.3214124312616,0.78,0.87,189.51543656216518,34.588843011808216,22.184563437834807
17722.9613706,2018-07-10 23:04:22.419,P,122638,1531263862419.0,201807102303.0,21327.0,32.8564,35.5752,5.0, 7/10/2018 (191) 23:04:15.560,23,23,,2.4,2.4,0.242721,0.25349,0.261207,(191),2018-07-10T23:04:15.560000Z,,,,,,,,,2.413693555993277,147.4,53.656344148841434,0.76,0.37,192.39081384803504,32.386893964561175,-44.99081384803502
17724.2921458,2018-07-12 07:00:41.398,P,122677,1531378841398.0,201807120659.0,21366.0,32.853,35.5802,5.0, 7/12/2018 (193)  7:00:35.030,27,27,,2.6,2.7,0.140049,0.14652,0.147068,(193),2018-07-12T07:00:35.030000Z,,,,,,,,,6.278107084034552,173.1,61.77829248847697,0.88,0.4,191.44853525934656,32.660716081347424,-18.348535259346573
17726.871145,2018-07-14 20:54:26.925,P,122713,1531601666925.0,201807142052.0,21402.0,33.1082,35.503,5.0, 7/14/2018 (195) 20:54:23.270,9,9,,1.3,,0.145797,0.147256,0.194566,(195),2018-07-14T20:54:23.270000Z,,,,,,,,,3.435928363421624,289.3,84.07300170375073,0.78,0.79,255.12610434889632,14.127904403696581,34.173895651103685
17727.7490658,2018-07-15 17:58:39.278,P,122723,1531677519278.0,201807151757.0,21412.0,32.8303,35.586,5.0, 7/15/2018 (196) 17:58:31.540,23,23,,2.6,2.6,0.267616,0.268789,0.278296,(196),2018-07-15T17:58:31.540000Z,,,,,,,,,4.378621552156102,162.4,48.73537075245236,0.81,0.28,189.76326015841192,35.04287771971742,-27.363260158411897
17730.6418521,2018-07-18 15:24:16.018,P,122749,1531927456018.0,201807181522.0,21438.0,32.8617,35.5761,5.0, 7/18/2018 (199) 15:24:09.150,23,23,,2.1,2.1,0.236604,0.247404,0.255053,(199),2018-07-18T15:24:09.150000Z,,,,,,,,,2.2678845022110083,204.7,65.86827698003161,0.63,0.84,192.4699911218191,31.793249316627517,12.230008878180861
17734.2788466,2018-07-22 06:41:32.340,P,122778,1532241692340.0,201807220640.0,21467.0,32.8471,35.5731,8.3538, 7/22/2018 (203)  6:41:26.130,55,55,,3.4,3.6,0.0372162,0.0379697,0.105317,(203),2018-07-22T06:41:26.130000Z,,,,,,,,,7.959016955940759,157.0,56.45890639340713,0.89,0.78,192.34018556135618,33.43904640614378,-35.34018556135618
17737.2056423,2018-07-25 04:56:07.489,P,122795,1532494567489.0,201807250454.0,21484.0,33.151,35.5789,17.3505, 7/25/2018 (206)  4:56:04.220,9,9,,1.6,,0.175876,0.230482,0.248838,(206),2018-07-25T04:56:04.220000Z,,,,,,,,,12.31998269484661,344.0,86.89240177644214,0.9,0.64,279.70191764077975,6.677386658868366,64.29808235922026
17737.4529193,2018-07-25 10:52:12.225,P,122799,1532515932225.0,201807251050.0,21488.0,32.8446,35.5692,5.0, 7/25/2018 (206) 10:52:05.260,21,21,,2.1,1.9,0.141534,0.246316,0.25905,(206),2018-07-25T10:52:05.260000Z,,,,,,,,,3.8522739816228158,116.1,76.74064471947302,0.81,0.73,192.84340821955476,33.789556621336274,-76.74340821955475
17738.1383804,2018-07-26 03:19:16.068,P,122805,1532575156068.0,201807260318.0,21494.0,33.0407,35.752,5.0, 7/26/2018 (207)  3:19:12.340,12,12,,1.2,,0.0949936,0.0706849,0.101248,(207),2018-07-26T03:19:12.340000Z,,,,,,,,,3.602781771000067,184.4,53.11100893596586,0.65,0.68,139.40185267438162,14.66770044515274,44.99814732561839
17739.3690363,2018-07-27 08:51:24.734,P,122812,1532681484734.0,201807270850.0,21501.0,32.8737,35.5705,5.0, 7/27/2018 (208)  8:51:18.320,46,46,,3.5,3.7,0.0448133,0.0520081,0.0477824,(208),2018-07-27T08:51:18.320000Z,,,,,,,,,15.576325131741667,174.6,63.56820565817641,0.87,0.92,193.96358657502145,30.613143769246204,-19.363586575021458
17739.4251401,2018-07-27 10:12:12.104,P,122815,1532686332104.0,201807271010.0,21504.0,32.8547,35.5751,5.0, 7/27/2018 (208) 10:12:04.840,23,23,,2.4,,0.146472,0.152934,0.118103,(208),2018-07-27T10:12:04.840000Z,,,,,,,,,4.833900286105981,160.1,58.318399578066604,0.83,0.57,192.33574605090982,32.57356376398028,-32.23574605090984
17739.6706093,2018-07-27 16:05:40.640,P,122820,1532707540640.0,201807271604.0,21509.0,32.8587,35.5718,5.0, 7/27/2018 (208) 16:05:33.550,19,19,,1.7,,0.239194,0.249958,0.262389,(208),2018-07-27T16:05:33.550000Z,,,,,,,,,1.8322311779557654,192.9,65.33615297352686,0.69,0.2,193.0400349339425,32.20705251221146,-0.140034933940448
17740.9928813,2018-07-28 23:49:44.939,P,122843,1532821784939.0,201807282348.0,21532.0,32.8657,35.5684,5.2789, 7/28/2018 (209) 23:49:38.740,32,32,,2.3,2.1,0.0529187,0.0548259,0.056451,(209),2018-07-28T23:49:38.740000Z,,,,,,,,,4.6261882850465055,155.4,47.77692334544745,0.71,0.47,193.92063613831925,31.523769443422573,-38.520636138319254
17741.0055763,2018-07-29 00:08:01.791,P,122845,1532822881791.0,201807290006.0,21534.0,32.8603,35.5787,5.0, 7/29/2018 (210)  0:07:55.390,40,40,,3.2,,0.0276867,0.0391327,0.0294388,(210),2018-07-29T00:07:55.390000Z,,,,,,,,,6.7043143198735535,154.0,63.422760333004824,0.84,0.57,191.98375373489642,31.894146600269938,-37.9837537348964
17742.8700308,2018-07-30 20:52:50.655,P,122876,1532983970655.0,201807302051.0,21565.0,33.1928,35.6041,5.0, 7/30/2018 (211) 20:52:48.310,9,9,,1.0,,0.0417263,0.0555306,0.147933,(211),2018-07-30T20:52:48.310000Z,,,,,,,,,2.5464286466780055,17.4,71.04932102646386,0.78,0.79,323.7390950773431,7.158262149343297,53.66090492265688
17743.029913,2018-07-31 00:43:04.481,P,122879,1532997784481.0,201807310041.0,21568.0,32.8262,35.5829,5.0, 7/31/2018 (212)  0:42:56.520,24,24,,2.2,2.3,0.269139,0.273257,0.279775,(212),2018-07-31T00:42:56.520000Z,,,,,,,,,4.009587433178659,157.9,56.682782551783454,0.73,0.37,190.0993122129123,35.541775397574625,-32.19931221291231
17747.1300666,2018-08-04 03:07:17.747,P,122921,1533352037747.0,201808040305.0,21610.0,32.8175,35.58,5.0, 8/04/2018 (216)  3:07:10.540,37,37,,2.3,2.0,0.158251,0.164593,0.161933,(216),2018-08-04T03:07:10.540000Z,,,,,,,,,2.440484128740212,170.6,70.82341553358872,0.88,0.84,190.252655667672,36.541768378436096,-19.652655667672
17748.0310451,2018-08-05 00:44:42.294,P,122930,1533429882294.0,201808050043.0,21618.0,32.8332,35.5721,5.0, 8/05/2018 (217)  0:44:34.310,20,20,,2.2,2.1,0.155159,0.268947,0.27601,(217),2018-08-05T00:44:34.310000Z,,,,,,,,,2.8716663224266714,128.0,43.2917374412328,0.72,0.29,191.95034005397588,34.96989626832522,-63.95034005397589
17751.9731148,2018-08-08 23:21:17.117,P,122956,1533770477117.0,201808082319.0,21644.0,32.8257,35.5911,5.0, 8/08/2018 (220) 23:21:09.800,24,24,,2.2,2.2,0.265804,0.169293,0.162877,(220),2018-08-08T23:21:09.800000Z,,,,,,,,,3.077319152063661,174.1,46.23085970167675,0.47,0.54,188.86492030327793,35.47083991888051,-14.764920303277917
17753.6117557,2018-08-10 14:40:55.691,P,122962,1533912055691.0,201808101439.0,21650.0,32.8385,35.5996,9.8461, 8/10/2018 (222) 14:40:48.810,39,39,,2.4,2.3,0.0263621,0.101027,0.107176,(222),2018-08-10T14:40:48.810000Z,,,,,,,,,5.821214545680298,147.2,48.61589021134965,0.81,0.78,187.9093380106077,33.947172276112944,-40.7093380106077
17760.1118209,2018-08-17 02:41:01.326,P,122987,1534473661326.0,201808170239.0,21675.0,32.8541,35.5667,5.7759, 8/17/2018 (229)  2:40:55.030,32,32,,2.0,2.1,0.0265771,0.0280227,0.0276325,(229),2018-08-17T02:40:55.030000Z,,,,,,,,,2.369747078347924,180.5,66.01667903985498,0.57,0.35,193.64967664694205,32.81443604470349,-13.14967664694206
17760.3286561,2018-08-17 07:53:15.885,P,122989,1534492395885.0,201808170751.0,21677.0,32.848,35.5756,7.7101, 8/17/2018 (229)  7:53:09.420,31,31,,2.2,2.3,0.0788353,0.0782086,0.105823,(229),2018-08-17T07:53:09.420000Z,,,,,,,,,2.9956845036520847,150.4,68.64571139647188,0.85,0.13,191.98416903947077,33.292162200002316,-41.58416903947077
17775.1912768,2018-09-01 04:35:26.313,P,123039,1535776526313.0,201809010434.0,21727.0,32.9592,35.6325,19.2205, 9/01/2018 (244)  4:35:21.490,28,28,,2.2,2.2,0.181969,0.166645,0.0896216,(244),2018-09-01T04:35:21.490000Z,,,,,,,,,57.2003604062093,161.1,63.53021780169701,0.86,0.98,184.51501460470362,20.26688164962752,-23.41501460470362
17777.0777615,2018-09-03 01:51:58.590,P,123041,1535939518590.0,201809030150.0,21729.0,33.6482,36.0591,5.0, 9/03/2018 (246)  1:51:46.510,23,23,,2.7,2.7,0.478143,0.549164,0.689461,(246),2018-09-03T01:51:46.510000Z,,,,,,,,,4.841362776289661,32.4,61.552357122989804,0.79,0.7,33.865255714922554,68.02378824266165,-1.4652557149225922
17780.1573946,2018-09-06 03:46:38.888,P,123058,1536205598888.0,201809060344.0,21746.0,33.2007,35.6906,5.0, 9/06/2018 (249)  3:46:37.200,8,8,,1.2,,0.0292729,0.0311254,0.084753,(249),2018-09-06T03:46:37.200000Z,,,,,,,,,9.164243020791666,32.7,66.94825500662095,0.82,0.81,29.839978355636568,7.6666607629932875,2.8600216443634134
17784.9068182,2018-09-10 21:45:49.087,P,123063,1536615949087.0,201809102143.0,21751.0,33.2653,35.6675,11.4412, 9/10/2018 (253) 21:45:45.840,17,17,,1.7,,0.0714071,0.127638,0.127016,(253),2018-09-10T21:45:45.840000Z,,,,,,,,,23.300648676647704,17.2,70.53177328373924,0.88,0.91,6.860370669222372,13.932545414279849,10.33962933077765
17798.2532126,2018-09-24 06:04:37.562,P,123097,1537769077562.0,201809240603.0,21785.0,33.1473,35.4423,5.0, 9/24/2018 (267)  6:04:33.100,24,24,,2.0,1.8,0.0956219,0.129644,0.0633876,(267),2018-09-24T06:04:33.100000Z,,,,,,,,,2.9264871443140326,276.1,64.43881288530372,0.64,0.49,272.1683400973711,19.313427587386172,3.931659902628968
17798.2902883,2018-09-24 06:58:00.906,P,123098,1537772280906.0,201809240656.0,21786.0,33.1318,35.4553,5.0, 9/24/2018 (267)  6:57:56.970,22,22,,1.9,2.0,0.14224,0.122128,0.151738,(267),2018-09-24T06:57:56.970000Z,,,,,,,,,2.0882725501309007,207.5,75.97068114751133,0.69,0.7,266.85185184588795,18.119842501637976,-59.35185184588797
17799.7127021,2018-09-25 17:06:17.462,P,123105,1537895177462.0,201809251704.0,21793.0,33.1637,35.4339,6.1501, 9/25/2018 (268) 17:06:13.250,34,34,,2.2,2.0,0.0747329,0.170479,0.210996,(268),2018-09-25T17:06:13.250000Z,,,,,,,,,4.559910079359608,300.4,80.45759865824434,0.82,0.38,277.25472043715456,20.239911762904033,23.14527956284542
17801.9072176,2018-09-27 21:46:23.600,P,123112,1538084783600.0,201809272144.0,21800.0,33.1578,35.7952,5.0, 9/27/2018 (270) 21:46:20.530,15,15,,1.2,,0.0607875,0.0642567,0.202538,(270),2018-09-27T21:46:20.530000Z,,,,,,,,,1.5999750908479269,32.6,80.84304797713502,0.78,0.84,82.06733514643696,13.684669491057033,-49.467335146436966
17803.0804837,2018-09-29 01:55:53.789,P,123115,1538186153789.0,201809290154.0,21803.0,33.8494,35.9455,5.0, 9/29/2018 (272)  1:55:38.480,21,21,,3.2,3.0,0.378159,0.690229,0.519965,(272),2018-09-29T01:55:38.480000Z,,,,,,,,,2.1728143029955733,353.4,73.59813255353627,0.62,0.7,19.121014947611812,83.4229683669619,-25.721014947611817
17806.0780811,2018-10-02 01:52:26.205,P,123127,1538445146205.0,201810020150.0,21815.0,33.2935,35.6092,10.0189,10/02/2018 (275)  1:52:22.550,14,14,,1.5,,0.026864,0.0917457,0.143494,(275),2018-10-02T01:52:22.550000Z,,,,,,,,,15.063527194406428,4.5,65.41668916688442,0.87,0.98,347.52250340316556,17.379559381314696,16.977496596834456
17807.9706689,2018-10-03 23:17:45.791,P,123137,1538608665791.0,201810032315.0,21825.0,34.0488,35.6366,5.0,10/03/2018 (276) 23:17:27.300,9,9,,2.0,,0.794252,0.499121,1.01953,(276),2018-10-03T23:17:27.300000Z,,,,,,,,,3.4104868096393695,20.7,74.38136362838996,0.8,0.74,359.32024888508096,100.9610539402832,21.37975111491907
17808.5505795,2018-10-04 13:12:50.069,P,123139,1538658770069.0,201810041311.0,21827.0,32.5914,35.2722,23.4162,10/04/2018 (277) 13:12:37.630,20,20,,2.2,2.1,0.246083,0.136383,0.419486,(277),2018-10-04T13:12:37.630000Z,,,,,,,,,1.9628891801431567,145.9,60.106253217318134,0.6,0.83,210.08222304326122,70.53943095128793,-64.1822230432612
17812.8341764,2018-10-08 20:01:12.836,P,123151,1539028872836.0,201810081959.0,21839.0,33.021,35.424,20.491,10/08/2018 (281) 20:01:06.960,21,21,,1.3,,0.110568,0.110007,0.147975,(281),2018-10-08T20:01:06.960000Z,,,,,,,,,2.880790499263738,258.5,77.09402009842985,0.8,0.82,237.67506502723515,24.890884064486688,20.82493497276486
17815.6596811,2018-10-11 15:49:56.441,P,123166,1539272996441.0,201810111547.0,21854.0,33.3164,35.6223,9.8637,10/11/2018 (284) 15:49:52.540,12,12,,1.7,,0.146306,0.151267,0.156307,(284),2018-10-11T15:49:52.540000Z,,,,,,,,,8.272313863162557,13.7,53.92280568303678,0.83,0.55,352.5937625700671,19.679221619013692,21.1062374299329
17820.2855816,2018-10-16 06:51:14.246,P,123180,1539672674246.0,201810160649.0,21868.0,32.9689,35.5944,21.2217,10/16/2018 (289)  6:51:09.140,21,21,,1.8,,0.191488,0.186897,0.116976,(289),2018-10-16T06:51:09.140000Z,,,,,,,,,3.067151722425785,179.0,64.51467278278439,0.85,0.22,195.07053231008527,19.80534893066663,-16.070532310085262
17820.9361406,2018-10-16 22:28:02.549,P,123182,1539728882549.0,201810162226.0,21870.0,33.2135,35.7761,15.2289,10/16/2018 (289) 22:27:58.710,9,9,,1.2,,0.154897,0.163782,0.165483,(289),2018-10-16T22:27:58.710000Z,,,,,,,,,5.923039552828985,57.6,74.91919391452504,0.93,0.84,55.52722901324978,14.275002315307736,2.0727709867501876
17822.6747375,2018-10-18 16:11:37.318,P,123187,1539879097318.0,201810181610.0,21875.0,33.5258,35.5282,5.0,10/18/2018 (291) 16:11:29.120,20,20,,2.1,2.2,0.0818932,0.341485,0.521267,(291),2018-10-18T16:11:29.120000Z,,,,,,,,,4.175896999604446,356.9,60.29076473976006,0.79,0.4,345.270449163742,44.25999483831284,11.62955083625798
17829.0735518,2018-10-25 01:45:54.870,P,123201,1540431954870.0,201810250144.0,21888.0,34.7046,33.6893,30.0,10/25/2018 (298)  1:45:19.010,42,42,,2.8,,0.112821,0.736942,0.791542,(298),2018-10-25T01:45:19.010000Z,,,,,,,,,1.5858025072533801,285.7,71.5620959554825,0.39,0.67,314.4132222264214,250.88306025569227,-28.713222226421397
17831.1852628,2018-10-27 04:26:46.703,P,123202,1540614406703.0,201810270425.0,21889.0,33.1975,35.6698,7.7458,10/27/2018 (300)  4:26:44.970,8,8,,0.7,,0.0455674,0.0607446,0.0728024,(300),2018-10-27T04:26:44.970000Z,,,,,,,,,1.276560244813105,0.6,53.321919934915286,0.8,0.3,16.627370129369105,6.568468048037007,-16.027370129369103
17833.5068289,2018-10-29 12:09:50.018,P,123210,1540814990018.0,201810291208.0,21897.0,34.4325,33.4387,30.0,10/29/2018 (302) 12:09:14.210,34,34,4.5,4.2,4.4,0.341785,0.957595,0.781203,(302),2018-10-29T12:09:14.210000Z,,,,,,,,,1.7791190579668223,345.7,72.67410440437556,0.83,0.16,305.71461471272636,249.73611436170586,39.98538528727361
17838.7330828,2018-11-03 17:35:38.349,P,123222,1541266538349.0,201811031734.0,21909.0,33.6712,34.9915,20.9964,11/03/2018 (307) 17:35:23.870,30,30,,2.3,2.2,0.351494,0.170983,0.700965,(307),2018-11-03T17:35:23.870000Z,,,,,,,,,9.41762330515967,4.0,77.68245391496468,0.89,0.72,314.1685851833055,84.90409064967928,49.83141481669454
17838.7382556,2018-11-03 17:43:05.278,P,123223,1541266985278.0,201811031741.0,21910.0,33.6568,35.0269,21.9506,11/03/2018 (307) 17:42:50.820,33,33,,3.6,3.6,0.568928,0.164461,0.679656,(307),2018-11-03T17:42:50.820000Z,,,,,,,,,18.11306498999497,359.3,75.380975485938,0.91,0.77,314.9515882668939,81.43911603558315,44.34841173310614
17839.6120725,2018-11-04 14:41:23.061,P,123230,1541342483061.0,201811041440.0,21917.0,33.6251,35.0251,12.6492,11/04/2018 (308) 14:41:08.910,32,32,,2.1,1.9,0.242972,0.289918,0.300625,(308),2018-11-04T14:41:08.910000Z,,,,,,,,,2.774970901375276,26.5,69.0939126293927,0.79,0.58,313.0493453447228,79.12597615409281,73.45065465527723
17845.6834584,2018-11-10 16:24:10.800,P,123248,1541867050800.0,201811101622.0,21935.0,32.8431,35.574,5.0,11/10/2018 (314) 16:24:04.080,30,30,,2.3,2.3,0.0565087,0.0600231,0.0836193,(314),2018-11-10T16:24:04.080000Z,,,,,,,,,2.702800421032571,238.6,65.31083330994115,0.78,0.6,192.0408265853113,33.856171311278544,46.559173414688715
17846.19579,2018-11-11 04:41:56.256,P,123250,1541911316256.0,201811110440.0,21937.0,33.2652,35.7985,9.9689,11/11/2018 (315)  4:41:52.140,23,23,,2.5,2.5,0.0690692,0.0950151,0.122792,(315),2018-11-11T04:41:52.140000Z,,,,,,,,,128.8834346605068,52.2,72.85305777856968,0.86,0.91,45.02598096242191,19.569393552040083,7.174019037578041
17849.945331,2018-11-14 22:41:16.597,P,123261,1542235276597.0,201811142239.0,21948.0,33.166,35.7622,16.7342,11/14/2018 (318) 22:41:12.990,19,19,,1.4,,0.172954,0.182442,0.237285,(318),2018-11-14T22:41:12.990000Z,,,,,,,,,7.877419212065979,88.5,77.85716391212996,0.96,0.92,75.0596990744768,10.847513596366571,13.440300925523191
17857.2872633,2018-11-22 06:53:39.547,P,123271,1542869619547.0,201811220652.0,21958.0,32.4304,35.4577,8.1895,11/22/2018 (326)  6:53:24.930,70,70,,2.3,2.2,0.11256,0.0502221,0.114857,(326),2018-11-22T06:53:24.930000Z,,,,,,,,,3.161327133045324,178.5,78.66618712180394,0.68,0.55,192.84507957975566,81.01503245076883,-14.345079579755701
17857.5930454,2018-11-22 14:13:59.119,P,123274,1542896039119.0,201811221412.0,21961.0,33.0841,35.614,16.3469,11/22/2018 (326) 14:13:56.070,28,28,,1.9,1.7,0.115859,0.217857,0.207422,(326),2018-11-22T14:13:56.070000Z,,,,,,,,,7.737337533363421,129.5,79.93476686128082,0.85,0.3,207.7080471705346,7.133295727431045,-78.2080471705346
17863.966865,2018-11-28 23:12:17.132,P,123294,1543446737132.0,201811282310.0,21980.0,33.134,35.7389,11.3327,11/28/2018 (332) 23:12:14.640,8,8,,1.0,,0.144217,0.17122,0.197331,(332),2018-11-28T23:12:14.640000Z,,,,,,,,,1.998718847775096,100.3,70.3063653392823,0.79,0.47,95.24763621854298,8.35007872768148,5.0523637814570375
17868.0118049,2018-12-03 00:16:59.940,P,123298,1543796219940.0,201812030016.0,21984.0,34.7422,33.2708,30.0,12/03/2018 (337)  0:16:19.470,32,32,,3.6,3.7,0.185076,0.82169,0.883059,(337),2018-12-03T00:16:19.470000Z,,,,,,,,,6.13814262674331,10.3,68.50796052745997,0.85,0.87,309.71561868059416,282.57462632055643,60.584381319405836
17879.644697,2018-12-14 15:28:21.817,P,123310,1544801301817.0,201812141526.0,21996.0,34.5408,35.9547,8.9373,12/14/2018 (348) 15:27:56.550,60,60,,3.1,3.0,0.296657,0.307226,1.40684,(348),2018-12-14T15:27:56.550000Z,,,,,,,,,2.8138903276808644,225.4,73.56347361563789,0.36,0.38,10.175979771770201,158.1913539454728,-144.77597977177024
17888.4852667,2018-12-23 11:38:47.043,P,123319,1545565127043.0,201812231137.0,22005.0,33.0113,35.4031,21.434,12/23/2018 (357) 11:38:40.850,15,15,,1.5,,0.189583,0.190076,0.224475,(357),2018-12-23T11:38:40.850000Z,,,,,,,,,14.302301304116622,187.8,82.16647138142288,0.89,0.91,237.96152771635118,27.114369389312007,-50.16152771635118
17888.9587138,2018-12-23 23:00:32.874,P,123321,1545606032874.0,201812232258.0,22007.0,33.4919,35.6005,7.8562,12/23/2018 (357) 23:00:25.360,13,13,,1.5,,0.274837,0.298558,0.293689,(357),2018-12-23T23:00:25.360000Z,,,,,,,,,3.152865181846959,338.9,62.80934370540391,0.87,0.44,353.346097256087,39.295173782225724,-14.446097256087004
17891.0375131,2018-12-26 00:54:01.129,P,123325,1545785641129.0,201812260052.0,22011.0,32.9169,35.6947,7.2926,12/26/2018 (360)  0:53:56.140,42,42,,2.7,2.5,0.0373704,0.099417,0.0559263,(360),2018-12-26T00:53:56.140000Z,,,,,,,,,14.040503536469606,162.0,62.452757038563455,0.82,0.95,170.4063825443343,25.260030995629947,-8.406382544334328
17891.1524296,2018-12-26 03:39:29.914,P,123330,1545795569914.0,201812260337.0,22016.0,31.3747,35.5363,16.0213,12/26/2018 (360)  3:38:59.730,55,55,4.0,3.7,3.8,0.208251,0.190981,0.255855,(360),2018-12-26T03:38:59.730000Z,,,,,,,,,4.011202768999962,154.0,60.29652463098567,0.85,0.4,183.13549814305998,196.68119280355998,-29.135498143059962
17891.6335095,2018-12-26 15:12:15.215,P,123332,1545837135215.0,201812261510.0,22018.0,32.3275,35.4552,16.7105,12/26/2018 (360) 15:11:59.930,60,60,,2.5,2.4,0.0997442,0.103669,0.116618,(360),2018-12-26T15:11:59.930000Z,,,,,,,,,2.5547532319360906,133.1,63.131449191119934,0.78,0.86,191.41995248772324,92.25558466958142,-58.31995248772325
17899.5463014,2019-01-03 13:06:40.442,P,123344,1546520800442.0,201901031305.0,22030.0,33.4101,35.6117,5.2158, 1/03/2019 (003) 13:06:34.720,17,17,,2.2,2.0,0.198522,0.216121,0.212006,(003),2019-01-03T13:06:34.720000Z,,,,,,,,,11.124201615310398,14.1,57.86034273263378,0.8,0.86,353.2973199961869,30.14031515945538,20.802680003813126
17920.8369045,2019-01-24 20:05:08.546,P,123375,1548360308546.0,201901242003.0,22061.0,32.7717,35.3194,5.96, 1/24/2019 (024) 20:04:58.760,52,52,,3.3,3.3,0.0797356,0.183999,0.112199,(024),2019-01-24T20:04:58.760000Z,,,,,,,,,28.281677593338053,187.4,71.36221617596065,0.93,0.84,216.976330562094,51.327462977893624,-29.576330562094007
17935.0341991,2019-02-08 00:49:14.798,P,123398,1549586954798.0,201902080048.0,22084.0,34.5694,33.59,5.6209, 2/08/2019 (039)  0:48:40.060,40,40,,2.8,,0.202547,0.480894,1.70959,(039),2019-02-08T00:48:40.060000Z,,,,,,,,,4.7307837300429565,323.9,75.59216073866926,0.89,0.6,310.4382680092226,247.7825956336351,13.461731990777418
17937.1264328,2019-02-10 03:02:03.795,P,123403,1549767723795.0,201902100300.0,22089.0,32.8959,35.6775,5.7315, 2/10/2019 (041)  3:01:57.630,31,31,,1.7,,0.0727358,0.042832,0.101417,(041),2019-02-10T03:01:57.630000Z,,,,,,,,,4.331866614129199,171.6,47.06780667583456,0.83,0.76,174.53799613779617,27.36666830655055,-2.937996137796376
17940.564444,2019-02-13 13:32:47.958,P,123413,1550064767958.0,201902131331.0,22099.0,33.3335,35.412,6.3824, 2/13/2019 (044) 13:32:42.110,45,45,,2.3,2.1,0.16414,0.196447,0.168223,(044),2019-02-13T13:32:42.110000Z,,,,,,,,,9.706490967499604,334.4,65.54959707076281,0.92,0.76,314.1675233869122,30.772790592768228,20.2324766130878
17948.510725,2019-02-21 12:15:26.642,P,123423,1550751326642.0,201902211214.0,22109.0,33.3696,35.1192,9.8549, 2/21/2019 (052) 12:15:15.970,21,21,,2.1,,0.302775,0.417541,0.426911,(052),2019-02-21T12:15:15.970000Z,,,,,,,,,3.177909962151028,339.6,68.56072306116457,0.8,0.72,297.42200287542215,55.489497432049674,42.17799712457786
17961.8983795,2019-03-06 21:33:39.983,P,123431,1551908019983.0,201903062132.0,22117.0,34.833,32.6922,30.0, 3/06/2019 (065) 21:32:52.550,38,38,,3.4,,0.26185,0.956309,1.0203,(065),2019-03-06T21:32:52.550000Z,,,,,,,,,3.089433063902528,314.3,54.9005244214086,0.82,0.57,305.42717102255614,331.2582751395313,8.872828977443904
17962.8701996,2019-03-07 20:53:05.244,P,123433,1551991985244.0,201903072051.0,22119.0,33.1211,35.7213,8.5648, 3/07/2019 (066) 20:53:03.270,36,36,,1.7,,0.13241,0.171247,0.184205,(066),2019-03-07T20:53:03.270000Z,,,,,,,,,4.28605897436355,176.9,53.79154666477466,0.78,0.68,108.23101424546763,7.0301493793887335,68.66898575453237
17967.8990025,2019-03-12 21:34:33.812,P,123437,1552426473812.0,201903122133.0,22123.0,33.3874,35.8678,7.9613, 3/12/2019 (071) 21:34:27.360,43,43,,2.1,,0.191425,0.260567,0.280686,(071),2019-03-12T21:34:27.360000Z,,,,,,,,,7.567697785271688,44.3,59.01677278742276,0.83,0.84,36.447373863672304,34.1006804271326,7.8526261363276735
17973.6312076,2019-03-18 15:08:56.338,P,123443,1552921736338.0,201903181507.0,22129.0,33.2068,36.1591,12.2088, 3/18/2019 (077) 15:08:47.440,19,19,,2.1,1.9,0.368358,0.375818,0.413478,(077),2019-03-18T15:08:47.440000Z,,,,,,,,,3.8223915268642634,86.5,63.89359238847944,0.83,0.85,81.07631550890196,47.982824417492196,5.423684491098043
17974.2472274,2019-03-19 05:56:00.443,P,123448,1552974960443.0,201903190554.0,22134.0,32.9653,35.6439,17.2071, 3/19/2019 (078)  5:55:54.810,17,17,,1.4,,0.078346,0.0798304,0.0931953,(078),2019-03-19T05:55:54.810000Z,,,,,,,,,2.551219038391273,148.9,51.19492228651341,0.77,0.63,181.56001486725,19.53305446349822,-32.66001486725
17982.2662068,2019-03-27 06:23:20.265,P,123459,1553667800265.0,201903270621.0,22145.0,33.4122,34.6046,9.0389, 3/27/2019 (086)  6:23:02.680,15,15,,2.3,,0.561313,0.438697,0.805404,(086),2019-03-27T06:23:02.680000Z,,,,,,,,,3.885308453231195,334.3,62.58052808495413,0.78,0.44,287.5376265379555,101.7214431798305,46.76237346204456
17987.1367836,2019-04-01 03:16:58.104,P,123468,1554088618104.0,201904010316.0,22154.0,33.3469,35.6112,8.0129, 4/01/2019 (091)  3:16:53.420,26,26,,1.5,,0.110652,0.143065,0.150874,(091),2019-04-01T03:16:53.420000Z,,,,,,,,,3.617426286503729,49.5,26.387443133860554,0.47,0.38,351.14937562103154,23.182851860506904,58.35062437896848
17989.0265514,2019-04-03 00:38:14.040,P,123470,1554251894040.0,201904030036.0,22156.0,33.5607,35.9668,5.0, 4/03/2019 (093)  0:38:03.670,22,22,,2.0,,0.441283,0.600825,0.719474,(093),2019-04-03T00:38:03.670000Z,,,,,,,,,16.82828668061368,27.3,57.45948762740289,0.81,0.84,32.17166786837083,55.19985009058742,-4.871667868370789
17990.7447327,2019-04-04 17:52:24.903,P,123472,1554400344903.0,201904041750.0,22158.0,33.4044,35.4494,20.0984, 4/04/2019 (094) 17:52:18.030,14,14,,1.4,,0.181045,0.191697,0.244401,(094),2019-04-04T17:52:18.030000Z,,,,,,,,,2.2487736927726316,4.1,73.35613286490567,0.79,0.66,327.63024400258934,34.711443478028166,36.46975599741066
18003.0181785,2019-04-17 00:26:10.623,P,123484,1555460770623.0,201904170025.0,22170.0,33.121,35.4381,5.0, 4/17/2019 (107)  0:26:05.730,9,9,,1.2,,0.0556988,0.0576801,0.102115,(107),2019-04-17T00:26:05.730000Z,,,,,,,,,3.805775586746632,41.9,66.6840351086177,0.87,0.72,263.64714816930183,19.818216077289716,138.25285183069818
18008.7262808,2019-04-22 17:25:50.657,P,123491,1555953950657.0,201904221724.0,22177.0,33.5164,35.6721,5.0, 4/22/2019 (112) 17:25:43.030,50,50,,3.0,,0.273215,0.261533,0.184033,(112),2019-04-22T17:25:43.030000Z,,,,,,,,,4.377340676395751,23.9,57.19618986130993,0.9,0.47,2.859956065441,41.80599012073016,21.04004393455901
18013.2230537,2019-04-27 05:21:11.835,P,123508,1556342471835.0,201904270519.0,22193.0,34.1682,36.165,5.0, 4/27/2019 (117)  5:20:50.310,21,21,,2.9,2.9,0.574433,0.703378,0.312823,(117),2019-04-27T05:20:50.310000Z,,,,,,,,,5.062267263706218,28.0,65.21289947309457,0.89,0.6,22.523736417998567,123.79087188225611,5.476263582001383
18015.5054066,2019-04-29 12:07:47.130,P,123511,1556539667130.0,201904291206.0,22196.0,34.2176,36.1416,5.0, 4/29/2019 (119) 12:07:25.650,33,33,,3.8,3.7,0.58111,0.614172,0.710082,(119),2019-04-29T12:07:25.650000Z,,,,,,,,,6.490604674198813,54.2,61.83609078377252,0.88,0.76,20.68351595756252,128.08651767035346,33.51648404243749
18021.5138613,2019-05-05 12:19:57.616,P,123518,1557058797616.0,201905051218.0,22203.0,33.1754,35.7254,5.0, 5/05/2019 (125) 12:19:55.310,4,4,,1.1,,0.0732454,0.102128,0.0778808,(125),2019-05-05T12:19:55.310000Z,,,,,,,,,2.7332114251812705,34.7,36.32663652011013,0.71,0.67,61.447456677588015,8.03151091395569,-26.747456677588012
18031.7045017,2019-05-15 16:54:28.948,P,123534,1557939268948.0,201905151652.0,22219.0,32.7476,32.7773,30.0, 5/15/2019 (135) 16:53:49.590,48,48,,4.5,,0.681857,0.919173,0.390244,(135),2019-05-15T16:53:49.590000Z,,,,,,,,,145.3992170885524,280.3,80.5785982599064,0.94,0.82,261.5160183968036,271.56314148814073,18.783981603196434
18056.1533037,2019-06-09 03:40:45.438,P,123593,1560051645438.0,201906090339.0,22278.0,33.257,35.6679,10.3984, 6/09/2019 (160)  3:40:42.440,29,29,,1.8,,0.10801,0.109482,0.120544,(160),2019-06-09T03:40:42.440000Z,,,,,,,,,37.15923216676583,19.5,71.87258543476689,0.87,0.9,7.50862959963084,13.021536890356884,11.99137040036914
18061.3732649,2019-06-14 08:57:30.085,P,123609,1560502650085.0,201906140855.0,22294.0,33.8318,35.8086,6.1385, 6/14/2019 (165)  8:57:16.090,17,17,,2.2,,0.570871,0.618866,0.814802,(165),2019-06-14T08:57:16.090000Z,,,,,,,,,3.2727121831578114,62.4,64.7296497018088,0.58,0.83,10.821209134718362,78.22682771870251,51.57879086528163
18061.6444129,2019-06-14 15:27:57.269,P,123610,1560526077269.0,201906141526.0,22295.0,33.748,35.8742,5.761, 6/14/2019 (165) 15:27:45.050,19,19,,2.5,2.3,0.506767,0.56048,0.743496,(165),2019-06-14T15:27:45.050000Z,,,,,,,,,3.453938860472515,45.7,65.11015709678459,0.82,0.55,17.093581901895494,70.64969561260303,28.606418098104502
18062.8631926,2019-06-15 20:42:59.842,P,123615,1560631379842.0,201906152041.0,22300.0,33.3404,35.4267,5.0, 6/15/2019 (166) 20:42:53.860,44,44,,1.7,,0.158247,0.157023,0.192473,(166),2019-06-15T20:42:53.860000Z,,,,,,,,,3.112714137096138,336.9,72.02838402289223,0.78,0.33,317.00098069467094,30.361632187533132,19.899019305329013
18071.2422742,2019-06-24 05:48:52.485,P,123636,1561355332485.0,201906240546.0,22321.0,33.2886,35.5209,5.0, 6/24/2019 (175)  5:48:48.200,16,16,,1.2,,0.0567403,0.0347521,0.105968,(175),2019-06-24T05:48:48.200000Z,,,,,,,,,3.3751397320292384,12.5,64.00631435282912,0.83,0.97,323.94315078342026,20.324303351750807,48.55684921657974
18076.2386736,2019-06-29 05:43:41.394,P,123655,1561787021394.0,201906290541.0,22340.0,31.9815,35.2235,5.0, 6/29/2019 (180)  5:43:17.730,72,72,,3.1,,0.14354,0.200284,0.236069,(180),2019-06-29T05:43:17.730000Z,,,,,,,,,2.6813568462389226,195.9,76.21073242995215,0.74,0.63,197.32539672594868,134.96190944571643,-1.4253967259486306
18084.1101474,2019-07-07 02:38:36.734,P,123675,1562467116734.0,201907070237.0,22360.0,33.3626,35.8553,5.0, 7/07/2019 (188)  2:38:30.680,56,56,,2.6,,0.157926,0.13877,0.112147,(188),2019-07-07T02:38:30.680000Z,,,,,,,,,44.51144891649512,37.7,56.2735939897894,0.78,0.7,37.75211765924459,31.202391844334535,-0.052117659250135305
18087.9347973,2019-07-10 22:26:06.485,P,123678,1562797566485.0,201907102224.0,22363.0,34.0234,36.7733,5.0, 7/10/2019 (191) 22:25:40.400,9,9,,2.5,,1.1102,1.1728,1.24779,(191),2019-07-10T22:25:40.400000Z,,,,,,,,,3.7942318347426607,62.5,83.85040898148779,0.77,0.77,46.3800529629768,143.054300042964,16.11994703702321
18093.6979093,2019-07-16 16:44:59.358,P,123686,1563295499358.0,201907161643.0,22371.0,33.0517,35.5831,5.0, 7/16/2019 (197) 16:44:56.340,33,33,,2.0,,0.151273,0.0929672,0.191403,(197),2019-07-16T16:44:56.340000Z,,,,,,,,,12.561469270033134,179.3,68.49197110322595,0.8,0.79,212.00536068146386,11.694151018058406,-32.70536068146384
18101.1494062,2019-07-24 03:35:08.691,P,123704,1563939308691.0,201907240333.0,22389.0,32.7654,35.3627,5.0, 7/24/2019 (205)  3:34:58.410,21,21,,2.1,,0.0727971,0.129457,0.122114,(205),2019-07-24T03:34:58.410000Z,,,,,,,,,3.6104206115616435,170.6,67.8628399124129,0.82,0.48,212.74306139250592,49.59799664959715,-42.14306139250594
18110.6900589,2019-08-02 16:33:41.090,P,123713,1564763621090.0,201908021632.0,22398.0,32.8512,35.5917,7.665, 8/02/2019 (214) 16:33:34.400,33,33,,2.4,2.3,0.0777361,0.0838217,0.10168,(214),2019-08-02T16:33:34.400000Z,,,,,,,,,2.901697279245983,136.0,37.38478505659705,0.53,0.22,189.53156040377965,32.66260237386696,-53.53156040377965
18115.8807657,2019-08-07 21:08:18.152,P,123723,1565212098152.0,201908072106.0,22408.0,32.8406,35.2211,13.2786, 8/07/2019 (219) 21:08:08.420,30,30,,2.3,2.2,0.0840761,0.0727957,0.0928588,(219),2019-08-07T21:08:08.420000Z,,,,,,,,,65.95268957965246,190.2,72.63229990027456,0.89,0.86,230.23669653440766,52.07833830569768,-40.03669653440768
18117.100403,2019-08-09 02:24:34.817,P,123724,1565317474817.0,201908090223.0,22409.0,33.3419,35.4397,6.7592, 8/09/2019 (221)  2:24:29.160,67,67,,2.8,,0.092063,0.0696045,0.188387,(221),2019-08-09T02:24:29.160000Z,,,,,,,,,17.069244484111668,350.0,67.53294458792703,0.89,0.71,318.9234667746304,29.674680653805375,31.076533225369577
18117.2795073,2019-08-09 06:42:29.430,P,123726,1565332949430.0,201908090639.0,22411.0,33.0687,35.5573,12.8216, 8/09/2019 (221)  6:42:26.820,9,9,,1.3,,0.0833167,0.0906411,0.0852809,(221),2019-08-09T06:42:26.820000Z,,,,,,,,,2.473064350017506,150.5,71.05215184177972,0.68,0.44,226.9853922203625,11.762925206072875,-76.48539222036251
18120.8957826,2019-08-12 21:29:55.617,P,123730,1565645395617.0,201908122128.0,22415.0,33.3302,35.4402,7.2253, 8/12/2019 (224) 21:29:49.980,38,38,,2.1,,0.148605,0.149823,0.180914,(224),2019-08-12T21:29:49.980000Z,,,,,,,,,5.9016407910016255,346.0,63.74869770838206,0.9,0.85,317.2812123739551,28.676863844189345,28.71878762604493
18121.0072134,2019-08-13 00:10:23.234,P,123732,1565655023234.0,201908130008.0,22417.0,33.3328,35.442,8.3601, 8/13/2019 (225)  0:10:17.580,30,30,,1.7,,0.154015,0.153814,0.185161,(225),2019-08-13T00:10:17.580000Z,,,,,,,,,2.9472800641307013,338.1,67.37109219405735,0.87,0.73,317.9167393075937,28.776955178142916,20.183260692406368
18123.7216081,2019-08-15 17:19:06.937,P,123733,1565889546937.0,201908151717.0,22418.0,32.9002,34.9746,25.4938, 8/15/2019 (227) 17:18:54.440,32,32,,2.3,1.9,0.24449,0.251848,0.258228,(227),2019-08-15T17:18:54.440000Z,,,,,,,,,6.298606039651609,235.9,79.91408353235082,0.89,0.49,247.14475408223043,68.38779084600894,-11.24475408223039
18130.9251484,2019-08-22 22:12:12.824,P,123739,1566511932824.0,201908222210.0,22424.0,33.0507,35.5776,5.0, 8/22/2019 (234) 22:12:09.890,34,34,,2.0,,0.14882,0.0935827,0.188137,(234),2019-08-22T22:12:09.890000Z,,,,,,,,,10.616510375845062,173.7,68.22478925450623,0.81,0.73,213.79113980945388,12.065738503209896,-40.09113980945389
18132.2293096,2019-08-24 05:30:12.350,P,123740,1566624612350.0,201908240528.0,22425.0,32.9736,35.4012,8.8507, 8/24/2019 (236)  5:30:06.300,49,49,,2.0,,0.0600346,0.103543,0.120585,(236),2019-08-24T05:30:06.300000Z,,,,,,,,,13.04169721235537,205.9,72.84699389096875,0.89,0.33,231.2827566353246,29.698097437423453,-25.382756635324608
18133.2427979,2019-08-25 05:49:37.738,P,123744,1566712177738.0,201908250548.0,22429.0,33.0031,35.4023,12.4647, 8/25/2019 (237)  5:49:32.030,24,24,,2.0,,0.120359,0.0730263,0.177571,(237),2019-08-25T05:49:32.030000Z,,,,,,,,,11.89332645312775,219.8,78.17285663551037,0.88,0.78,236.4456263159808,27.672712592803254,-16.645626315980763
18134.3844631,2019-08-26 09:13:37.610,P,123745,1566810817610.0,201908260912.0,22430.0,33.6791,35.6766,5.0, 8/26/2019 (238)  9:13:26.660,34,34,,2.4,,0.415691,0.428919,0.271551,(238),2019-08-26T09:13:26.660000Z,,,,,,,,,4.017791528866053,17.4,34.31324358386877,0.83,0.86,2.390559816096017,59.89756077359103,15.009440183903973
18143.8183929,2019-09-04 19:38:29.142,P,123757,1567625909142.0,201909041937.0,22442.0,33.6291,34.9653,17.7888, 9/04/2019 (247) 19:38:14.290,61,61,,2.5,,0.14317,0.249299,0.357183,(247),2019-09-04T19:38:14.290000Z,,,,,,,,,5.320987853442782,349.7,64.3428220631588,0.85,0.64,310.69893267678765,83.5675796529627,39.00106732321233
18145.0107806,2019-09-06 00:15:31.444,P,123758,1567728931444.0,201909060014.0,22443.0,32.5284,34.4652,24.2853, 9/06/2019 (249)  0:15:10.100,36,36,,2.6,2.4,0.207573,0.332541,0.619617,(249),2019-09-06T00:15:10.100000Z,,,,,,,,,7.383503441474032,160.3,78.72860526953882,0.86,0.86,238.71121020123894,129.93666931985555,-78.41121020123893
18151.1636187,2019-09-12 03:55:36.656,P,123764,1568260536656.0,201909120354.0,22449.0,33.3465,35.7879,6.8587, 9/12/2019 (255)  3:55:31.690,30,30,,1.9,,0.124356,0.187838,0.205261,(255),2019-09-12T03:55:31.690000Z,,,,,,,,,2.484749107611957,42.1,47.41895843684383,0.82,0.88,29.32340819336689,26.23119042077149,12.776591806633109
18153.6854639,2019-09-14 16:27:04.082,P,123768,1568478424082.0,201909141625.0,22453.0,33.1145,35.5312,5.0, 9/14/2019 (257) 16:27:00.850,29,29,,2.1,,0.0766957,0.076785,0.0779292,(257),2019-09-14T16:27:00.850000Z,,,,,,,,,6.834744981409538,271.8,83.04209293589626,0.89,0.74,255.12318807233186,11.40959552522386,16.676811927668172
18162.0703214,2019-09-23 01:41:15.767,P,123782,1569202875767.0,201909230138.0,22467.0,33.1452,35.5842,18.0629, 9/23/2019 (266)  1:41:12.310,13,13,,1.2,,0.0525581,0.180722,0.23413,(266),2019-09-23T01:41:12.310000Z,,,,,,,,,9.18275678961157,38.8,89.46287336248265,0.87,0.63,274.507788890756,6.1077728594839815,124.29221110924401
18171.7135643,2019-10-02 17:07:31.951,P,123796,1570036051951.0,201910021705.0,22481.0,33.6136,35.5369,9.6048,10/02/2019 (275) 17:07:22.180,14,14,,1.5,,0.168595,0.414572,0.178081,(275),2019-10-02T17:07:22.180000Z,,,,,,,,,3.353291782033622,8.4,58.930591699936485,0.71,0.67,348.77092744566374,53.59344442753888,19.629072554336265
18172.8047777,2019-10-03 19:18:52.793,P,123799,1570130332793.0,201910031917.0,22484.0,33.1112,35.1146,15.8597,10/03/2019 (276) 19:18:43.790,23,23,,2.1,2.1,0.038016,0.067642,0.281936,(276),2019-10-03T19:18:43.790000Z,,,,,,,,,4.3689967709488915,278.0,80.36607286730974,0.86,0.59,266.3537527802672,49.92979448666469,11.646247219732786
18174.5906478,2019-10-05 14:10:31.971,P,123804,1570284631971.0,201910051409.0,22489.0,33.3174,35.5828,5.0,10/05/2019 (278) 14:10:27.740,18,18,,2.1,2.0,0.0944714,0.139594,0.149005,(278),2019-10-05T14:10:27.740000Z,,,,,,,,,7.284790680702147,15.7,55.88727091286366,0.87,0.88,342.4512922521402,20.58593518582332,33.24870774785978
18175.2187861,2019-10-06 05:15:03.118,P,123806,1570338903118.0,201910060513.0,22491.0,33.0212,35.6116,14.8706,10/06/2019 (279)  5:14:59.680,33,33,,2.2,2.1,0.160341,0.172175,0.186555,(279),2019-10-06T05:14:59.680000Z,,,,,,,,,6.7768031599971765,167.6,66.07412998662568,0.87,0.54,194.9061116915501,13.772866725622649,-27.306111691550093
18177.7612622,2019-10-08 18:16:13.048,P,123812,1570558573048.0,201910081814.0,22497.0,33.1942,35.7056,9.0925,10/08/2019 (281) 18:16:10.590,37,37,,1.4,,0.0428265,0.0503027,0.0508395,(281),2019-10-08T18:16:10.590000Z,,,,,,,,,30.54871479362577,52.5,79.22450622293918,0.93,0.79,41.315591971455525,7.892697057116531,11.184408028544505
18179.7872602,2019-10-10 18:53:39.282,P,123816,1570733619282.0,201910101850.0,22501.0,33.0723,35.5661,5.0,10/10/2019 (283) 18:53:35.640,11,11,,0.7,,0.0427636,0.0806856,0.0776683,(283),2019-10-10T18:53:35.640000Z,,,,,,,,,4.398958922735548,177.0,70.35516519611049,0.83,0.75,225.5787194926827,10.893787946440483,-48.57871949268268
18182.819131,2019-10-13 19:39:32.916,P,123821,1570995572916.0,201910131937.0,22506.0,33.6505,35.4817,5.5892,10/13/2019 (286) 19:39:21.690,14,14,,1.7,,0.203488,0.211297,0.275968,(286),2019-10-13T19:39:21.690000Z,,,,,,,,,6.110198647817064,0.9,67.34094163879664,0.91,0.58,344.6659373194282,58.76961662199636,16.234062680571782
18184.8028092,2019-10-15 19:16:02.709,P,123832,1571166962709.0,201910151915.0,22516.0,32.9919,35.6034,16.6838,10/15/2019 (288) 19:15:58.420,35,35,,1.6,,0.159879,0.177299,0.116681,(288),2019-10-15T19:15:58.420000Z,,,,,,,,,5.638994658067785,167.4,68.67760650392395,0.82,0.58,194.57868168786106,17.118253874318988,-27.178681687861044
18187.4491501,2019-10-18 10:46:46.564,P,123836,1571395606564.0,201910181045.0,22520.0,34.5797,33.1503,30.0,10/18/2019 (291) 10:46:06.980,40,40,,3.5,3.5,0.206039,1.07582,1.17873,(291),2019-10-18T10:46:06.980000Z,,,,,,,,,2.678112047259116,346.1,53.120491913738775,0.92,0.7,305.42341890004417,280.7919392489515,40.67658109995589
18200.4826365,2019-10-31 11:34:59.795,P,123859,1572521699795.0,201910311133.0,22543.0,33.118,35.615,5.5803,10/31/2019 (304) 11:34:57.710,12,12,,1.7,,0.119182,0.194452,0.221047,(304),2019-10-31T11:34:57.710000Z,,,,,,,,,9.541183579010433,38.1,85.92382023129632,0.9,0.72,231.68918961821973,4.106663597845236,166.41081038178027
18201.7783226,2019-11-01 18:40:47.068,P,123863,1572633647068.0,201911011839.0,22547.0,32.8861,35.5781,7.9235,11/01/2019 (305) 18:40:41.340,47,47,,3.1,3.1,0.0716405,0.0819384,0.0936191,(305),2019-11-01T18:40:41.340000Z,,,,,,,,,4.5165550976411755,164.3,55.75882671464587,0.87,0.52,193.2606124789596,29.106261447079362,-28.960612478959586
18216.8017589,2019-11-16 19:14:31.964,P,123908,1573931671964.0,201911161913.0,22592.0,33.7938,34.6642,30.0,11/16/2019 (320) 19:14:13.730,59,59,,2.8,2.8,0.190069,0.19779,0.49761,(320),2019-11-16T19:14:13.730000Z,,,,,,,,,17.179916713775953,350.9,68.40126475373722,0.91,0.88,308.7296585435686,116.72685937306332,42.17034145643141
18217.8934674,2019-11-17 21:26:35.584,P,123913,1574025995584.0,201911172125.0,22597.0,33.2253,35.7043,5.0,11/17/2019 (321) 21:26:33.450,42,42,,1.9,,0.0278709,0.0579842,0.0493418,(321),2019-11-17T21:26:33.450000Z,,,,,,,,,6.989830474247114,37.9,54.41185108946241,0.86,0.92,28.46111077393733,10.676538764951795,9.438889226062656
18235.6582216,2019-12-05 15:47:50.348,P,123967,1575560870348.0,201912051546.0,22651.0,33.1749,35.6029,17.3041,12/05/2019 (339) 15:47:46.920,24,24,,1.6,,0.16289,0.210205,0.17411,(339),2019-12-05T15:47:46.920000Z,,,,,,,,,5.945925231724487,27.9,80.59659536468399,0.92,0.48,311.02499654781286,5.761218783030646,76.87500345218712
18235.6774889,2019-12-05 16:15:35.036,P,123968,1575562535036.0,201912051614.0,22652.0,34.7231,33.3959,30.0,12/05/2019 (339) 16:14:56.630,42,42,,3.0,,0.350893,0.375459,1.75876,(339),2019-12-05T16:14:56.630000Z,,,,,,,,,1.6511395163521976,36.0,76.99865876723597,0.64,0.7,310.8605937082714,272.3527826723194,85.13940629172862
18235.975925,2019-12-05 23:25:19.919,P,123970,1575588319919.0,201912052323.0,22654.0,34.1995,36.4194,5.0,12/05/2019 (339) 23:24:55.580,11,11,,2.4,,1.06159,1.12106,1.24973,(339),2019-12-05T23:24:55.580000Z,,,,,,,,,5.379297446946741,28.7,51.08274522056149,0.77,0.58,30.969491225715835,137.58773875523133,-2.2694912257158317
18236.4026466,2019-12-06 09:39:48.667,P,123972,1575625188667.0,201912060938.0,22656.0,33.2453,35.7028,7.2672,12/06/2019 (340)  9:39:45.890,12,12,,1.0,,0.0517701,0.0385359,0.0606857,(340),2019-12-06T09:39:45.890000Z,,,,,,,,,3.1111309329977406,37.8,63.22396322707221,0.81,0.25,23.08033194019927,12.620174950343406,14.719668059800734
18270.2238823,2020-01-09 05:22:23.431,P,124030,1578547343431.0,202001090520.0,22714.0,32.9438,35.485,8.53, 1/09/2020 (009)  5:22:17.940,29,29,,1.9,,0.0431897,0.0596261,0.0572057,(009),2020-01-09T05:22:17.940000Z,,,,,,,,,6.559967022826505,154.8,71.130946485296,0.79,0.54,215.03865832462955,26.753077273381617,-60.238658324629554
18273.8235141,2020-01-12 19:45:51.614,P,124032,1578858351614.0,202001121944.0,22716.0,33.216,35.6982,5.0, 1/12/2020 (012) 19:45:49.520,21,21,,1.3,,0.0302391,0.015412,0.05362,(012),2020-01-12T19:45:49.520000Z,,,,,,,,,4.964879394974055,26.3,43.73456289014801,0.67,0.8,28.428209223255607,9.496989092733019,-2.1282092232555456
18277.3698939,2020-01-16 08:52:38.829,P,124041,1579164758829.0,202001160851.0,22725.0,33.316,35.5202,5.0, 1/16/2020 (016)  8:52:34.010,9,9,,1.8,,0.083255,0.0980579,0.147835,(016),2020-01-16T08:52:34.010000Z,,,,,,,,,3.6618424473175524,16.3,65.15549497072828,0.83,0.77,328.31219271019813,22.89004787630542,47.9878072898019
18280.2621265,2020-01-19 06:17:27.727,P,124047,1579414647727.0,202001190615.0,22731.0,33.7551,35.8592,5.0, 1/19/2020 (019)  6:17:14.380,45,45,,2.6,,0.513052,0.537282,0.571776,(019),2020-01-19T06:17:14.380000Z,,,,,,,,,3.9481393246952905,4.8,69.73349535916961,0.78,0.78,15.836104778859946,71.0105246948712,-11.036104778859919
18285.8377632,2020-01-24 20:06:22.738,P,124060,1579896382738.0,202001242005.0,22744.0,34.3252,36.0765,13.3608, 1/24/2020 (024) 20:06:00.320,25,25,,2.5,,0.455917,0.478866,0.548965,(024),2020-01-24T20:06:00.320000Z,,,,,,,,,2.591319252875825,42.2,61.20343976804703,0.7,0.76,16.569273272438487,137.4775073846265,25.630726727561523
18292.1359564,2020-01-31 03:15:46.627,P,124069,1580440546627.0,202001310315.0,22753.0,34.1678,35.347,8.8883, 1/31/2020 (031)  3:15:26.810,40,40,,2.8,,0.181196,0.456831,0.48107,(031),2020-01-31T03:15:26.810000Z,,,,,,,,,9.52978847910711,17.7,60.00905816552029,0.87,0.57,346.3019469792599,117.57067451224356,31.39805302074009
18292.1540729,2020-01-31 03:41:51.900,P,124070,1580442111900.0,202001310341.0,22754.0,34.094,35.3096,5.4574, 1/31/2020 (031)  3:41:33.220,29,29,,2.7,,0.390733,0.221433,0.578269,(031),2020-01-31T03:41:33.220000Z,,,,,,,,,2.1123344370443795,84.8,72.64895819684763,0.67,0.47,343.5488753913945,110.55712802622818,101.25112460860548
18295.4352022,2020-02-03 10:26:41.471,P,124076,1580725601471.0,202002031025.0,22760.0,33.1791,35.7057,5.0, 2/03/2020 (034) 10:26:39.730,15,15,,2.0,,0.0249721,0.0458385,0.0442098,(034),2020-02-03T10:26:39.730000Z,,,,,,,,,59.5051215714553,33.3,62.86063804168455,0.78,0.89,50.86008119470129,6.731517866357014,-17.560081194701304
18296.1156134,2020-02-04 02:46:28.995,P,124088,1580784388995.0,202002040245.0,22772.0,33.7999,35.189,14.4032, 2/04/2020 (035)  2:46:14.180,31,31,,2.6,,0.404659,0.305823,0.450288,(035),2020-02-04T02:46:14.180000Z,,,,,,,,,3.7650512453707745,353.8,56.02440683412328,0.92,0.85,329.88312375356537,84.82222095413465,23.91687624643468
18298.2042544,2020-02-06 04:54:07.575,P,124092,1580964847575.0,202002060452.0,22776.0,32.7427,34.7905,16.8033, 2/06/2020 (037)  4:53:51.900,63,63,,3.9,,0.11133,0.0482252,0.122038,(037),2020-02-06T04:53:51.900000Z,,,,,,,,,44.01565439715945,217.1,80.04638755376027,0.9,0.8,241.32194592390954,91.58326122198584,-24.221945923909526
18318.7572556,2020-02-26 18:10:26.880,P,124126,1582740626880.0,202002261808.0,22810.0,33.2747,35.6853,11.5716, 2/26/2020 (057) 18:10:23.340,9,9,,1.3,,0.123123,0.12566,0.13425,(057),2020-02-26T18:10:23.340000Z,,,,,,,,,2.900835474155449,105.1,76.93926624216844,0.69,0.28,12.574720481028743,15.244108870312898,92.52527951897125
18320.2762156,2020-02-28 06:37:45.028,P,124132,1582871865028.0,202002280636.0,22816.0,32.7234,35.2682,15.3293, 2/28/2020 (059)  6:37:34.500,37,37,,2.1,,0.150279,0.0879071,0.126258,(059),2020-02-28T06:37:34.500000Z,,,,,,,,,2.55603223886573,138.2,53.16049195922225,0.72,0.84,217.5827297953818,58.49936958100623,-79.3827297953818
18323.8847335,2020-03-02 21:14:00.969,P,124138,1583183640969.0,202003022112.0,22822.0,33.74,35.8125,5.0, 3/02/2020 (062) 21:13:48.670,67,67,,2.6,2.4,0.491027,0.228378,0.545988,(062),2020-03-02T21:13:48.670000Z,,,,,,,,,2.9217190809964513,5.6,58.54538380559194,0.93,0.4,12.738917345247206,68.31010335891456,-7.138917345247228
18334.1666361,2020-03-13 03:59:57.357,P,124156,1584071997357.0,202003130358.0,22840.0,33.1756,35.6099,17.9946, 3/13/2020 (073)  3:59:54.030,17,17,,1.3,,0.166102,0.210896,0.13001,(073),2020-03-13T03:59:54.030000Z,,,,,,,,,2.812120250737177,315.4,69.42726469976435,0.82,0.83,316.2459094872926,5.3427745178082855,-0.8459094872930275
18336.3400847,2020-03-15 08:09:43.320,P,124160,1584259783320.0,202003150808.0,22844.0,33.8665,35.8577,5.0, 3/15/2020 (075)  8:09:27.670,53,53,,2.7,,0.628243,0.644802,0.683812,(075),2020-03-15T08:09:27.670000Z,,,,,,,,,2.520692279358729,12.4,54.43004340733743,0.75,0.82,13.392115013785014,82.95805347115258,-0.9921150137847992
18337.9835246,2020-03-16 23:36:16.525,P,124165,1584401776525.0,202003162335.0,22849.0,33.3856,35.16,11.895, 3/16/2020 (076) 23:36:06.810,35,35,,2.2,,0.141966,0.186912,0.190977,(076),2020-03-16T23:36:06.810000Z,,,,,,,,,2.1282080120644267,32.7,73.18095017871134,0.62,0.51,301.00203572876694,53.03335231140589,91.69796427123308
18348.1582716,2020-03-27 03:47:54.660,P,124183,1585280874660.0,202003270346.0,22867.0,33.0817,35.5802,20.1493, 3/27/2020 (087)  3:47:51.200,15,15,,1.4,,0.0572996,0.221473,0.22875,(087),2020-03-27T03:47:51.200000Z,,,,,,,,,3.6981038122580863,175.7,66.4089362823052,0.83,0.8,224.49656156498088,9.225668044134892,-48.7965615649809
18348.1582716,2020-03-27 03:47:54.661,P,124182,1585280874661.0,202003270345.0,22866.0,32.3942,35.5356,17.6138, 3/27/2020 (087)  3:47:43.210,12,12,,1.1,,0.0690762,0.203982,0.209588,(087),2020-03-27T03:47:43.210000Z,,,,,,,,,3.6991574943740035,175.7,66.40893628230474,0.83,0.8,187.34638583152403,83.71062866008097,-11.646385831524032
18348.1864375,2020-03-27 04:28:28.199,P,124184,1585283308199.0,202003270426.0,22868.0,33.4791,35.9391,5.8795, 3/27/2020 (087)  4:28:19.610,27,27,,1.9,,0.289956,0.36144,0.222874,(087),2020-03-27T04:28:19.610000Z,,,,,,,,,3.9661009638713125,22.2,52.14375774973234,0.76,0.03,35.49943746838605,46.23797975152875,-13.299437468386044
18353.6027622,2020-04-01 14:27:58.654,P,124201,1585751278654.0,202004011426.0,22885.0,33.2203,35.7344,5.0, 4/01/2020 (092) 14:27:55.680,11,11,,1.6,,0.0226245,0.0317576,0.0400538,(092),2020-04-01T14:27:55.680000Z,,,,,,,,,20.75699135627618,31.3,64.38756501017922,0.8,0.91,41.76939840989022,11.841905584595214,-10.469398409890252
18354.0502365,2020-04-02 01:12:20.435,P,124205,1585789940435.0,202004020110.0,22889.0,33.1541,35.6024,16.3195, 4/02/2020 (093)  1:12:17.400,25,25,,1.6,,0.161755,0.214387,0.266161,(093),2020-04-02T01:12:17.400000Z,,,,,,,,,40.98216116420185,0.5,84.8481366102752,0.95,0.79,288.48310164458115,4.632955844684093,72.01689835541883
18354.1949212,2020-04-02 04:40:41.186,P,124208,1585802441186.0,202004020438.0,22892.0,33.1513,35.5881,15.897, 4/02/2020 (093)  4:40:38.340,11,11,,1.3,,0.16382,0.219853,0.247928,(093),2020-04-02T04:40:38.340000Z,,,,,,,,,6.47519721400009,74.3,84.92077528063436,0.9,0.65,281.4352639150109,5.84133750385854,152.86473608498906
18354.4008178,2020-04-02 09:37:10.658,P,124209,1585820230658.0,202004020935.0,22893.0,33.144,35.595,15.4884, 4/02/2020 (093)  9:37:07.750,9,9,,1.2,,0.161782,0.218505,0.147816,(093),2020-04-02T09:37:07.750000Z,,,,,,,,,4.169127508429794,204.3,85.215482510144,0.76,0.82,273.89409776537826,5.095209439906881,-69.59409776537824
18354.6652394,2020-04-02 15:57:56.681,P,124211,1585843076681.0,202004021556.0,22895.0,33.1489,35.5912,15.2544, 4/02/2020 (093) 15:57:53.820,14,14,,1.5,,0.159511,0.216619,0.257071,(093),2020-04-02T15:57:53.820000Z,,,,,,,,,8.238238542339055,6.8,80.7328462786683,0.95,0.89,279.3076155184582,5.5094717457415205,87.49238448154182
18354.7049203,2020-04-02 16:55:05.115,P,124212,1585846505115.0,202004021653.0,22896.0,33.161,35.5837,16.3641, 4/02/2020 (093) 16:55:02.080,18,18,,1.5,,0.165211,0.219601,0.269213,(093),2020-04-02T16:55:02.080000Z,,,,,,,,,20.318124996230402,31.8,85.75376369091357,0.92,0.59,290.0349216437603,6.529462579098768,101.76507835623968
18354.7061172,2020-04-02 16:56:48.519,P,124213,1585846608519.0,202004021655.0,22897.0,33.1531,35.6028,17.2886, 4/02/2020 (093) 16:56:45.320,9,9,,0.9,,0.0758683,0.0988069,0.117472,(093),2020-04-02T16:56:45.320000Z,,,,,,,,,3.2544744133695422,313.7,84.2631822371638,0.86,0.69,287.30674603026864,4.563391584227946,26.39325396973133
18354.709598,2020-04-02 17:01:49.265,P,124214,1585846909265.0,202004021659.0,22898.0,33.1591,35.5912,17.5222, 4/02/2020 (093) 17:01:46.150,15,15,,1.5,,0.171112,0.222546,0.259096,(093),2020-04-02T17:01:46.150000Z,,,,,,,,,8.443910372642437,347.8,87.11671994306629,0.96,0.21,290.43258025678216,5.801299876998757,57.36741974321781
18354.7231451,2020-04-02 17:21:19.734,P,124215,1585848079734.0,202004021719.0,22899.0,33.1514,35.5881,17.3607, 4/02/2020 (093) 17:21:16.670,14,14,,1.4,,0.17314,0.226412,0.25327,(093),2020-04-02T17:21:16.670000Z,,,,,,,,,11.979740277553649,305.8,86.02826269109,0.92,0.4,281.5421386849854,5.843545830695774,24.257861315014644
18354.7311429,2020-04-02 17:32:50.747,P,124216,1585848770747.0,202004021732.0,22900.0,33.1646,35.6755,5.0, 4/02/2020 (093) 17:32:50.340,8,8,,0.8,,0.0614168,0.0653036,0.127931,(093),2020-04-02T17:32:50.340000Z,,,,,,,,,5.596048382787332,100.1,74.18700702993651,0.88,0.79,42.44930523331732,3.571903665095367,57.650694766682676
18354.7730675,2020-04-02 18:33:13.027,P,124219,1585852393027.0,202004021831.0,22903.0,33.1577,35.5852,14.5387, 4/02/2020 (093) 18:33:10.240,11,11,,1.1,,0.153727,0.211898,0.244747,(093),2020-04-02T18:33:10.240000Z,,,,,,,,,2.3362188077447668,332.0,82.05839283234079,0.91,0.13,287.32357516085364,6.279784376207989,44.67642483914637
18355.3832394,2020-04-03 09:11:51.885,P,124221,1585905111885.0,202004030910.0,22905.0,33.1403,35.5803,9.3714, 4/03/2020 (094)  9:11:49.120,47,47,,2.3,,0.0805424,0.124183,0.0989166,(094),2020-04-03T09:11:49.120000Z,,,,,,,,,71.69656115990593,353.4,85.68925166769549,0.94,0.87,269.4265257836995,6.452661201024975,83.97347421630047
18355.3836319,2020-04-03 09:12:25.791,P,124222,1585905145791.0,202004030911.0,22906.0,33.1498,35.6083,15.2407, 4/03/2020 (094)  9:12:23.010,14,14,,1.8,,0.0696113,0.0940738,0.260321,(094),2020-04-03T09:12:23.010000Z,,,,,,,,,4.820480875471829,72.1,74.48675720121464,0.9,0.47,284.4445274405387,3.970423282607544,147.6554725594613
18355.3845452,2020-04-03 09:13:44.702,P,124223,1585905224702.0,202004030912.0,22907.0,33.1495,35.5991,16.1194, 4/03/2020 (094)  9:13:41.670,17,17,,1.7,,0.0733445,0.0977596,0.115043,(094),2020-04-03T09:13:41.670000Z,,,,,,,,,10.236797382785417,301.4,87.16039910923296,0.9,0.18,281.5104493954934,4.797921592814687,19.889550604506542
18355.3995581,2020-04-03 09:35:21.817,P,124224,1585906521817.0,202004030934.0,22908.0,33.1291,35.6073,7.8722, 4/03/2020 (094)  9:35:19.320,14,14,,1.4,,0.122575,0.195356,0.226676,(094),2020-04-03T09:35:19.320000Z,,,,,,,,,2.396976664037917,227.3,80.09224504664412,0.75,0.84,251.58699040684044,4.151480747378172,-24.28699040684045
18355.4279965,2020-04-03 10:16:18.896,P,124225,1585908978896.0,202004031015.0,22909.0,33.1293,35.632,15.1595, 4/03/2020 (094) 10:16:15.880,8,8,,1.5,,0.158455,0.211065,0.272366,(094),2020-04-03T10:16:15.880000Z,,,,,,,,,3.439313743114569,164.6,78.53283587316689,0.74,0.45,231.79912036089075,2.085512419267206,-67.19912036089075
18356.0210017,2020-04-04 00:30:14.545,P,124228,1585960214545.0,202004040028.0,22912.0,33.1463,35.5794,10.6541, 4/04/2020 (095)  0:30:11.720,53,53,,2.1,,0.0620613,0.124163,0.101222,(095),2020-04-04T00:30:11.720000Z,,,,,,,,,114.43618112397782,346.9,84.83351447193579,0.95,0.86,275.26822278498514,6.563412996518737,71.63177721501486
18356.032805,2020-04-04 00:47:14.348,P,124229,1585961234348.0,202004040045.0,22913.0,33.149,35.5742,10.2302, 4/04/2020 (095)  0:47:11.580,53,53,,2.2,,0.08218,0.124434,0.133823,(095),2020-04-04T00:47:11.580000Z,,,,,,,,,293.610384518556,350.7,85.46265342920898,0.95,0.87,277.33190389558735,7.0774652165145495,73.36809610441264
18356.0380774,2020-04-04 00:54:49.883,P,124230,1585961689883.0,202004040054.0,22914.0,33.1521,35.5887,15.0954, 4/04/2020 (095)  0:54:46.890,21,21,,1.5,,0.0949454,0.097042,0.147473,(095),2020-04-04T00:54:46.890000Z,,,,,,,,,4.089456854045243,6.5,70.02325075545541,0.89,0.79,282.40497300802735,5.804999618318748,84.09502699197266
18356.2475824,2020-04-04 05:56:31.120,P,124239,1585979791120.0,202004040555.0,22923.0,33.1675,35.6105,21.5106, 4/04/2020 (095)  5:56:27.590,15,15,,1.6,,0.0868543,0.105326,0.130537,(095),2020-04-04T05:56:27.590000Z,,,,,,,,,4.387669520575424,47.9,82.54228855773651,0.89,0.64,309.1078670851628,4.690150355112936,98.79213291483717
18356.4414361,2020-04-04 10:35:40.074,P,124242,1585996540074.0,202004041035.0,22926.0,33.1533,35.6035,14.4811, 4/04/2020 (095) 10:35:37.260,11,11,,1.3,,0.0672691,0.0925541,0.11428,(095),2020-04-04T10:35:37.260000Z,,,,,,,,,3.988383184986381,284.3,82.61119199729465,0.86,0.75,287.82269205610214,4.507956937774516,-3.5226920561021147
18356.5886144,2020-04-04 14:07:36.280,P,124244,1586009256280.0,202004041407.0,22928.0,33.1555,35.5932,16.4805, 4/04/2020 (095) 14:07:33.130,17,17,,1.5,,0.0742255,0.0983624,0.115459,(095),2020-04-04T14:07:33.130000Z,,,,,,,,,10.470070294662001,299.2,83.68099054474202,0.89,0.85,287.19607559180116,5.496023757438112,12.003924408198856
18356.5905761,2020-04-04 14:10:25.772,P,124245,1586009425772.0,202004041409.0,22929.0,33.1499,35.575,12.8676, 4/04/2020 (095) 14:10:22.750,15,15,,1.4,,0.0675627,0.0963494,0.103571,(095),2020-04-04T14:10:22.750000Z,,,,,,,,,6.642299869092111,322.8,81.4882770110216,0.94,0.58,278.2196366292577,7.017131820525404,44.580363370742305
18356.6242185,2020-04-04 14:58:52.475,P,124246,1586012332475.0,202004041458.0,22930.0,33.1221,35.6151,5.0, 4/04/2020 (095) 14:58:50.100,15,15,,1.4,,0.050957,0.0905717,0.105171,(095),2020-04-04T14:58:50.100000Z,,,,,,,,,5.721826977138835,78.0,82.54697898068386,0.91,0.62,236.9564427036817,3.8328005691832083,-158.9564427036817
18357.5903447,2020-04-05 14:10:05.782,P,124256,1586095805782.0,202004051408.0,22940.0,33.1527,35.5932,15.9269, 4/05/2020 (096) 14:10:02.890,11,11,,1.0,,0.162093,0.217145,0.15087,(096),2020-04-05T14:10:02.890000Z,,,,,,,,,2.1342328312769876,213.9,82.951362709784,0.87,0.54,284.04533460328406,5.412318105693922,-70.14533460328406
18357.7699525,2020-04-05 18:28:43.892,P,124260,1586111323892.0,202004051827.0,22944.0,33.1378,35.5847,9.5651, 4/05/2020 (096) 18:28:41.270,39,39,,2.1,2.0,0.0808537,0.124088,0.221369,(096),2020-04-05T18:28:41.270000Z,,,,,,,,,131.19803672595037,349.3,86.03396532973238,0.93,0.9,266.75287235449576,6.052555237915283,82.54712764550423
18357.7722213,2020-04-05 18:31:59.920,P,124261,1586111519920.0,202004051830.0,22945.0,33.1402,35.5946,14.6194, 4/05/2020 (096) 18:31:57.150,11,11,,1.0,,0.157858,0.216743,0.0481569,(096),2020-04-05T18:31:57.150000Z,,,,,,,,,4.837274643320759,344.3,84.86358509248505,0.87,0.42,269.1442172799127,5.121480406306421,75.15578272008727
18359.8297274,2020-04-07 19:54:48.446,P,124268,1586289288446.0,202004071953.0,22952.0,33.1123,35.6436,19.3328, 4/07/2020 (098) 19:54:44.870,11,11,,1.3,,0.0864739,0.107737,0.107049,(098),2020-04-07T19:54:44.870000Z,,,,,,,,,2.857441511452262,10.7,70.16779693132878,0.91,0.72,189.9663498520236,3.2288841674979394,-179.26634985202395
18359.9682867,2020-04-07 23:14:19.972,P,124270,1586301259972.0,202004072312.0,22954.0,33.1438,35.601,16.0678, 4/07/2020 (098) 23:14:17.090,15,15,,1.0,,0.16411,0.218868,0.251277,(098),2020-04-07T23:14:17.090000Z,,,,,,,,,4.649635284617181,28.1,82.98346513342737,0.9,0.71,274.08954604813937,4.53638643653303,114.01045395186064
18365.9123903,2020-04-13 21:53:50.516,P,124283,1586814830516.0,202004132152.0,22967.0,34.0647,35.2418,5.0, 4/13/2020 (104) 21:53:31.030,20,20,,3.1,,0.88914,0.542208,1.02616,(104),2020-04-13T21:53:31.030000Z,,,,,,,,,2.8722060326456833,4.4,54.86215084015461,0.83,0.76,339.9255699262166,109.44459113450799,24.474430073783427
18366.1869683,2020-04-14 04:29:14.058,P,124286,1586838554058.0,202004140428.0,22970.0,33.2749,35.6076,5.0, 4/14/2020 (105)  4:29:10.940,12,12,,1.8,,0.0416912,0.0572161,0.0738089,(105),2020-04-14T04:29:10.940000Z,,,,,,,,,3.3613653000934076,6.9,58.05850281501342,0.85,0.24,345.31682299160485,15.403962719877768,21.58317700839516
18384.3612195,2020-05-02 08:40:09.360,P,124367,1588408809360.0,202005020838.0,23051.0,33.8627,35.6316,5.015, 5/02/2020 (123)  8:39:54.820,22,22,,2.5,,0.605134,0.640408,0.831692,(123),2020-05-02T08:39:54.820000Z,,,,,,,,,3.326254743074188,11.5,44.088606245762335,0.69,0.76,358.81368158114486,80.2778487916488,12.686318418855125
18386.990121,2020-05-04 23:45:46.453,P,124372,1588635946453.0,202005042344.0,23056.0,34.5799,36.3399,5.0, 5/04/2020 (125) 23:45:17.620,15,15,,2.3,,0.600202,0.621572,0.681585,(125),2020-05-04T23:45:17.620000Z,,,,,,,,,4.426336305332636,359.7,60.23918192923261,0.87,0.72,21.528220594016226,172.23603415996732,-21.82822059401622
18387.679984,2020-05-05 16:19:10.618,P,124373,1588695550618.0,202005051617.0,23057.0,33.061,35.5322,5.0, 5/05/2020 (126) 16:19:06.530,13,13,,1.7,,0.0617013,0.0647365,0.0949756,(126),2020-05-05T16:19:06.530000Z,,,,,,,,,6.772083724065816,284.0,85.27420908802789,0.88,0.74,230.94067741666186,14.089832185756407,53.05932258333814
18389.5731338,2020-05-07 13:45:18.761,P,124383,1588859118761.0,202005071343.0,23067.0,33.8724,35.3308,17.2545, 5/07/2020 (128) 13:45:04.050,30,30,,2.8,,0.663865,0.67517,0.448217,(128),2020-05-07T13:45:04.050000Z,,,,,,,,,6.932847734802256,5.0,54.78149517896933,0.79,0.55,340.1170060312457,86.54305555689909,24.882993968754313
18390.3336219,2020-05-08 08:00:24.930,P,124385,1588924824930.0,202005080757.0,23069.0,33.3183,35.6157,5.0, 5/08/2020 (129)  8:00:20.950,12,12,,1.9,,0.0577118,0.0600522,0.102565,(129),2020-05-08T08:00:20.950000Z,,,,,,,,,7.66055630590893,17.3,61.22145929159744,0.8,0.79,350.92759983895127,19.976397400536328,26.372400161048713
18392.4351808,2020-05-10 10:26:39.615,P,124397,1589106399615.0,202005101025.0,23081.0,32.9643,35.6265,11.5494, 5/10/2020 (131) 10:26:35.140,26,26,,2.1,,0.191367,0.223744,0.232557,(131),2020-05-10T10:26:35.140000Z,,,,,,,,,19.614872603120933,164.9,63.50542521086082,0.85,0.91,186.26299795442236,19.754690504260147,-21.36299795442237
18393.1100917,2020-05-11 02:38:31.922,P,124399,1589164711922.0,202005110237.0,23083.0,32.5733,35.6238,17.8832, 5/11/2020 (132)  2:38:20.710,51,51,,3.2,,0.183726,0.124554,0.037286,(132),2020-05-11T02:38:20.710000Z,,,,,,,,,3.334618135408611,175.3,65.69862121777139,0.77,0.96,182.19367123657537,63.160231230302585,-6.8936712365754
18393.1625985,2020-05-11 03:54:08.510,P,124400,1589169248510.0,202005110352.0,23084.0,33.2231,34.6154,30.0, 5/11/2020 (132)  3:53:51.590,37,37,,2.8,,0.126786,0.29272,0.393425,(132),2020-05-11T03:53:51.590000Z,,,,,,,,,2.7764878854589004,288.8,48.977772719810204,0.52,0.66,275.70783308123475,96.67845620671258,13.092166918765207
18408.9807191,2020-05-26 23:32:14.126,P,124431,1590535934126.0,202005262330.0,23115.0,33.348,35.5931,7.7926, 5/26/2020 (147) 23:32:09.350,68,68,,2.9,,0.0482816,0.0621,0.152931,(147),2020-05-26T23:32:09.350000Z,,,,,,,,,128.69572711548977,9.0,62.819168727857004,0.87,0.96,347.1625583181584,23.62029064110173,21.837441681841607
18418.2244057,2020-06-05 05:23:08.646,P,124451,1591334588646.0,202006050521.0,23135.0,33.0023,35.249,15.982, 6/05/2020 (157)  5:23:01.020,42,42,,3.1,,0.0780383,0.0875209,0.113831,(157),2020-06-05T05:23:01.020000Z,,,,,,,,,49.13204249771396,229.1,81.56848580855115,0.84,0.83,247.67510430618546,40.384305974763166,-18.57510430618547
18418.2483906,2020-06-05 05:57:40.944,P,124452,1591336660944.0,202006050556.0,23136.0,32.9893,35.2744,18.3176, 6/05/2020 (157)  5:57:33.640,32,32,,2.2,,0.0871786,0.196784,0.199987,(157),2020-06-05T05:57:33.640000Z,,,,,,,,,2.8080551704779544,177.0,70.68461934216758,0.87,0.21,244.36224354614882,38.81528563458116,-67.36224354614882
18422.2543143,2020-06-09 06:06:12.750,P,124460,1591682772750.0,202006090604.0,23144.0,33.1817,35.5956,16.566, 6/09/2020 (161)  6:06:09.410,25,25,,1.9,,0.1584,0.207027,0.269857,(161),2020-06-09T06:06:09.410000Z,,,,,,,,,3.436918101311486,102.5,53.47085623486548,0.51,0.6,312.0826080030746,6.771171186197266,150.4173919969254
18431.5686904,2020-06-18 13:38:54.848,P,124483,1592487534848.0,202006181336.0,23167.0,33.2054,35.6832,12.5569, 6/18/2020 (170) 13:38:52.240,16,16,,1.7,,0.115668,0.142014,0.205757,(170),2020-06-18T13:38:52.240000Z,,,,,,,,,16.704154079922954,49.7,79.84600958206359,0.95,0.93,23.549428791412485,7.824207551019529,26.150571208587507
18431.5752764,2020-06-18 13:48:23.880,P,124484,1592488103880.0,202006181346.0,23168.0,33.1837,35.6845,8.1082, 6/18/2020 (170) 13:48:21.930,18,18,,1.7,,0.0507106,0.0759503,0.0901471,(170),2020-06-18T13:48:21.930000Z,,,,,,,,,10.357974677517278,38.4,82.8775101934703,0.9,0.76,34.3082321289242,5.7622082817051785,4.091767871075791
18431.6680421,2020-06-18 16:01:58.832,P,124485,1592496118832.0,202006181600.0,23169.0,32.4858,35.2333,7.0817, 6/18/2020 (170) 16:01:44.030,36,36,,2.3,,0.158358,0.262323,0.305522,(170),2020-06-18T16:01:44.030000Z,,,,,,,,,4.122789544382587,160.5,66.42046171221499,0.76,0.71,208.21878442561942,82.5816502795312,-47.71878442561942
18432.6390125,2020-06-19 15:20:10.680,P,124488,1592580010680.0,202006191518.0,23172.0,33.3353,35.4673,5.0, 6/19/2020 (171) 15:20:05.270,37,37,,1.6,,0.0590363,0.0575781,0.0781881,(171),2020-06-19T15:20:05.270000Z,,,,,,,,,2.594937502820658,333.5,69.33906388095788,0.76,0.85,321.9414105681356,27.472157366721067,11.558589431864432
18439.827829,2020-06-26 19:52:04.421,P,124495,1593201124421.0,202006261950.0,23179.0,34.0323,35.9703,8.0072, 6/26/2020 (178) 19:51:46.870,23,23,,2.5,,0.342626,0.366685,0.446207,(178),2020-06-26T19:51:46.870000Z,,,,,,,,,2.4533587522072895,8.9,54.61678166292628,0.79,0.74,16.595364305196814,103.47491066458515,-7.695364305196826
18441.8091125,2020-06-28 19:25:07.319,P,124497,1593372307319.0,202006281923.0,23181.0,34.6752,32.4601,30.0, 6/28/2020 (180) 19:24:21.200,38,38,,3.2,,3.44574,0.329931,0.587736,(180),2020-06-28T19:24:21.200000Z,,,,,,,,,4.361952694163392,321.3,60.69743070847554,0.78,0.83,300.9802099093224,340.18249792384444,20.31979009067761
18445.8583049,2020-07-02 20:35:57.540,P,124504,1593722157540.0,202007022034.0,23188.0,33.5307,34.7719,20.918, 7/02/2020 (184) 20:35:41.210,32,32,,2.0,,0.313291,0.698405,0.340374,(184),2020-07-02T20:35:41.210000Z,,,,,,,,,7.02347548164373,356.7,83.01827792196931,0.85,0.68,298.2348413850588,92.34173010912372,58.46515861494118
18450.9375437,2020-07-07 22:30:03.776,P,124508,1594161003776.0,202007072228.0,23192.0,33.0556,35.9297,5.0, 7/07/2020 (189) 22:29:58.190,33,33,,2.5,,0.0850423,0.151052,0.282254,(189),2020-07-07T22:29:58.190000Z,,,,,,,,,2.2629431138245053,132.9,50.28717310407171,0.71,0.92,109.90073298316425,27.762349015257776,22.99926701683576
18454.1139579,2020-07-11 02:44:05.961,P,124512,1594435445961.0,202007110243.0,23196.0,33.0744,35.4616,5.0, 7/11/2020 (193)  2:44:01.210,26,26,,1.8,,0.042894,0.0570528,0.0775974,(193),2020-07-11T02:44:01.210000Z,,,,,,,,,6.994607105223256,260.4,79.22065953342894,0.85,0.76,247.1578668382197,19.007949547123793,13.24213316178032
18466.2001507,2020-07-23 04:48:13.020,P,124520,1595479693020.0,202007230446.0,23204.0,32.6113,35.632,5.0, 7/23/2020 (205)  4:48:01.570,40,40,,2.5,,0.281911,0.384743,0.395531,(205),2020-07-23T04:48:01.570000Z,,,,,,,,,2.823917084115903,176.1,59.88217928359461,0.65,0.5,181.60351008678282,58.91176507598863,-5.503510086782801
18466.9725753,2020-07-23 23:20:30.507,P,124522,1595546430507.0,202007232319.0,23206.0,34.1276,36.3389,7.9782, 7/23/2020 (205) 23:20:09.460,43,43,,3.6,,0.566153,1.00143,1.04011,(205),2020-07-23T23:20:09.460000Z,,,,,,,,,4.495007092287166,35.4,62.3340191545205,0.9,0.19,29.99370952411156,126.9241786324996,5.406290475888418
18473.1054222,2020-07-30 02:31:48.476,P,124529,1596076308476.0,202007300230.0,23213.0,34.6568,33.1284,5.0, 7/30/2020 (212)  2:31:06.470,46,46,,3.5,,0.353122,0.377583,1.95477,(212),2020-07-30T02:31:06.470000Z,,,,,,,,,4.839019898925827,328.8,69.90048508863988,0.87,0.52,306.61724891922756,287.31222540696297,22.18275108077244
18482.1503253,2020-08-08 03:36:28.102,P,124538,1596857788102.0,202008080335.0,23222.0,33.3606,35.7894,6.2281, 8/08/2020 (221)  3:36:23.550,17,17,,1.7,,0.133065,0.118857,0.142013,(221),2020-08-08T03:36:23.550000Z,,,,,,,,,1.6080321220351828,182.3,6.436327877412465,0.53,0.92,27.981059541258112,27.673113112008018,154.3189404587419
18485.3614541,2020-08-11 08:40:29.633,P,124540,1597135229633.0,202008110839.0,23224.0,32.9854,35.4334,17.5266, 8/11/2020 (224)  8:40:24.410,40,40,,3.3,3.2,0.0334986,0.0530435,0.130244,(224),2020-08-11T08:40:24.410000Z,,,,,,,,,557.243555384103,181.0,79.62949841252431,0.92,0.89,229.42243227795552,26.54981328569977,-48.42243227795551
18486.6476661,2020-08-12 15:32:38.350,P,124542,1597246358350.0,202008121531.0,23226.0,33.578,35.4736,25.4727, 8/12/2020 (225) 15:32:28.080,12,12,,2.0,,0.188351,0.561226,0.287401,(225),2020-08-12T15:32:28.080000Z,,,,,,,,,6.684111857643272,358.2,60.93305342481557,0.89,0.23,341.45995112425726,51.27830687645996,16.74004887574274
18488.9414769,2020-08-14 22:35:43.601,P,124544,1597444543601.0,202008142234.0,23228.0,33.5168,34.8005,13.4324, 8/14/2020 (227) 22:35:27.230,38,38,,2.1,,0.405887,0.407991,0.442236,(227),2020-08-14T22:35:27.230000Z,,,,,,,,,7.609706025179847,6.9,70.34276940400429,0.8,0.46,298.1495689807458,89.27588955856129,68.75043101925418
18494.6799709,2020-08-20 16:19:09.483,P,124551,1597940349483.0,202008201618.0,23235.0,32.662,33.6784,30.0, 8/20/2020 (233) 16:18:40.200,56,56,,2.7,,0.956413,0.269991,1.11722,(233),2020-08-20T16:18:40.200000Z,,,,,,,,,4.6771172455207575,332.5,72.89773097295469,0.75,0.79,254.3986385404443,191.57692055491052,78.10136145955573
18497.564889,2020-08-23 13:33:26.403,P,124558,1598189606403.0,202008231332.0,23242.0,32.9868,35.6994,11.9504, 8/23/2020 (236) 13:33:21.330,4,4,,1.1,,0.247369,0.0594265,0.264406,(236),2020-08-23T13:33:21.330000Z,,,,,,,,,3.561324450014567,33.9,81.0117671487253,0.88,0.65,164.83229825134347,17.752458300654325,-130.93229825134347
18499.5129802,2020-08-25 12:18:41.489,P,124560,1598357921489.0,202008251217.0,23244.0,34.9215,36.2111,5.0, 8/25/2020 (238) 12:18:09.130,20,20,,3.1,,1.54737,1.58816,1.60578,(238),2020-08-25T12:18:09.130000Z,,,,,,,,,6.063150401077377,35.3,64.11697368807066,0.83,0.72,14.489389187098094,204.64186503031806,20.810610812901892
18500.857144,2020-08-26 20:34:17.236,P,124562,1598474057236.0,202008262033.0,23246.0,32.9869,35.6108,20.1921, 8/26/2020 (239) 20:34:12.520,11,11,,1.3,,0.0491866,0.239249,0.245344,(239),2020-08-26T20:34:12.520000Z,,,,,,,,,3.0660079278119854,165.5,65.8113687866458,0.78,0.6,191.93336354104449,17.50158084939441,-26.43336354104449
18508.9200801,2020-09-03 22:04:54.920,P,124582,1599170694920.0,202009032203.0,23266.0,33.0806,35.4364,5.0, 9/03/2020 (247) 22:04:50.480,28,28,,2.1,2.0,0.0540905,0.0622127,0.0719841,(247),2020-09-03T22:04:50.480000Z,,,,,,,,,18.529843052126193,257.3,76.54009311490987,0.89,0.7,251.40026768670208,20.958639407564405,5.899732313297952
18510.7001871,2020-09-05 16:48:16.162,P,124585,1599324496162.0,202009051646.0,23269.0,35.0801,33.3733,30.0, 9/05/2020 (249) 16:47:34.690,44,44,,3.2,,0.235146,0.314149,0.925639,(249),2020-09-05T16:47:34.690000Z,,,,,,,,,1.7442079598519713,16.6,84.75429896506087,0.8,0.69,316.4501363465324,300.6699709171314,60.1498636534676
18520.3918441,2020-09-15 09:24:15.331,P,124597,1600161855331.0,202009150922.0,23281.0,32.4981,35.1909,5.0, 9/15/2020 (259)  9:24:00.450,41,41,,2.6,,0.0449644,0.295701,0.433753,(259),2020-09-15T09:24:00.450000Z,,,,,,,,,4.606334976887276,194.2,58.753547481059066,0.82,0.35,211.07544005155876,83.34321127561822,-16.875440051558787
18523.8654584,2020-09-18 20:46:15.600,P,124607,1600461975600.0,202009182045.0,23290.0,32.8877,35.6453,20.6185, 9/18/2020 (262) 20:46:08.340,14,14,,1.4,,0.0812957,0.108717,0.130899,(262),2020-09-18T20:46:08.340000Z,,,,,,,,,1.9607379522947008,303.1,63.22631410113959,0.51,0.43,180.8170384469155,28.157410034894014,122.28296155308455
18525.6635624,2020-09-20 15:55:31.791,P,124615,1600617331791.0,202009201554.0,23298.0,33.0767,35.8586,25.7683, 9/20/2020 (264) 15:55:26.450,14,14,,1.9,,0.241487,0.298095,0.291022,(264),2020-09-20T15:55:26.450000Z,,,,,,,,,5.8705731722138035,125.5,70.4611998185674,0.84,0.79,110.08186951887608,20.73408680141499,15.418130481123917
