evid,time_delay,corr_coef,angle_2d,Pp_2d,Ps_3d,Inclination_3d,angle_3d,Pp_3d
122022,0.265,0.94,213.0,0.960430256078,0.96032535343,-11.7318964853,213.0,0.819015424733
122047,0.29,0.87,355.9,0.866762946624,0.919636811721,22.269769838,356.1,0.777715246043
122073,0.295,-0.9,183.7,0.920504304679,0.835796645231,-10.4357091696,183.5,0.907521508493
122077,0.275,0.92,326.4,0.929235070723,0.908654185972,5.88246266502,326.3,0.985356507326
122138,0.29,0.88,189.8,0.966160014119,0.955461175997,11.1457585674,189.8,0.884927257854
122144,0.245,-0.78,299.0,0.880086336951,0.913368919625,-67.1357047882,301.2,0.877191271844
122147,0.06,0.92,227.5,0.878278760915,0.893742151939,27.1421514732,228.0,0.863552409492
122164,0.01,0.82,202.1,0.955734726533,0.914127223625,-4.69489934207,202.1,0.901677254807
122166,0.24,0.82,350.7,0.942319550172,0.960123923141,7.11667187072,350.7,0.623860790152
122169,0.025,0.99,219.7,0.839255516876,0.906480147492,33.7175138771,220.3,0.896161991205
122173,0.075,0.8,304.1,0.377478610958,0.620410213884,22.8603824687,294.9,0.921237738891
122180,0.19,-0.84,209.7,0.927846083108,0.957228819472,13.8098364958,209.7,0.788979213387
122186,0.12,0.93,211.3,0.985209065251,0.934842193728,49.2075725989,211.2,0.951677818692
122188,0.06,-0.99,357.0,0.887257290942,0.909389495043,-11.5306945717,357.1,0.867116245162
122195,0.055,-0.98,197.9,0.985267496724,0.966024279886,-24.6551800867,197.9,0.76704352308
122196,0.045,-0.99,216.6,0.894764091016,0.930968883699,-39.6476441002,216.2,0.870309297067
122220,0.29,0.9,356.6,0.97424108626,0.966725501909,8.35064280497,356.6,0.880861168268
122246,0.165,0.75,357.5,0.974330132974,0.971075906872,24.7681966431,357.5,0.73279616759
122247,0.28,-0.83,345.1,0.875665698287,0.935813174341,25.7357974678,345.1,0.861501513844
122249,0.08,0.87,235.0,0.991913367092,0.960153506545,13.707490545,235.0,0.962153157028
122250,0.285,0.95,274.3,0.955351943486,0.902171332017,26.2156839634,274.3,0.754204096869
122251,0.01,-0.6,245.7,0.944023670472,0.951116225863,-33.1833102548,245.9,0.82262365264
122252,0.1,0.89,276.9,0.888419921305,0.890829376105,-1.34454313672,276.8,0.937784805646
122254,0.1,0.76,286.7,0.886036707434,0.936949715808,-3.77916239666,286.8,0.979762482118
122257,0.105,0.69,282.0,0.915536323734,0.951465393563,-2.51057032058,282.0,0.873852367437
122258,0.245,0.56,238.2,0.987439913021,0.957685606848,-2.15131740869,238.2,0.879700126742
122259,0.01,-0.87,229.2,0.958365072095,0.960079425729,-21.9127009501,229.2,0.957357327654
122260,0.02,-0.79,194.5,0.981808851562,0.90566461992,19.2968594793,194.4,0.906377281999
122263,0.205,-0.75,260.9,0.991191911758,0.986721299836,21.2468896442,260.9,0.612042375168
122264,0.005,-0.82,191.3,0.81476124268,0.903648649975,-29.3944215386,191.0,0.85681562633
122265,0.065,0.79,317.7,0.950114875573,0.912831245625,-12.6436640151,317.7,0.69712716969
122266,0.235,0.69,208.3,0.852170770157,0.919110971054,-18.7493166073,208.4,0.866474430776
122268,0.2,-0.68,252.3,0.976140375976,0.972960564363,19.1893017789,252.2,0.978679935531
122272,0.19,-0.83,301.6,0.961601864118,0.968733600534,-32.4964044336,301.5,0.791846844306
122275,0.175,0.64,255.1,0.804336630307,0.859225593642,-22.8602401765,254.3,0.859274185795
122276,0.26,0.8,217.7,0.660442966216,0.817234425915,2.52231201179,217.6,0.952120998745
122277,0.055,0.9,324.3,0.973260546767,0.952194304883,-24.999576141,324.2,0.9111285798
122278,0.045,0.86,307.8,0.892036096758,0.906830338775,-4.26761446095,307.9,0.931879012637
122279,0.015,-0.46,233.2,0.969960227455,0.960602481893,-6.7438470357,233.2,0.888052327182
122280,0.215,0.62,203.8,0.977654282306,0.885153151239,1.99895366204,203.8,0.980257522538
122281,0.16,-0.83,315.4,0.905648703876,0.934428885895,11.4432656643,315.3,0.860819774239
122283,0.01,-0.53,238.5,0.890756000846,0.887608333148,19.6549666405,238.1,0.890577098833
122285,0.1,0.9,290.3,0.846476612178,0.876329399845,-7.18256079474,290.1,0.961037824223
122286,0.1,0.9,296.5,0.844227255138,0.871536114156,0.405182607831,296.5,0.983261476323
122287,0.035,0.63,215.7,0.859466403783,0.908602112547,-2.34232528156,215.7,0.911948163449
122288,0.085,0.51,221.5,0.990764315448,0.975898830623,24.630334626,221.5,0.938991356337
122289,0.085,-0.78,211.4,0.921815436368,0.945115079376,-13.428434237,211.4,0.848869991758
122291,0.0,0.85,206.3,0.977984719303,0.926833546254,-4.39700591918,206.3,0.888289753829
122292,0.1,0.95,345.0,0.990597618759,0.983138907653,6.77181246907,345.0,0.621116816172
122293,0.26,0.88,323.9,0.915634603352,0.846822192321,-39.1940203946,322.8,0.952189684978
122294,0.095,-0.76,194.9,0.96090269219,0.940645437286,12.5221228147,194.8,0.587785819636
122296,0.08,0.95,218.0,0.972709965565,0.98311950266,30.7756987836,218.0,0.561652184724
122299,0.095,0.9,302.2,0.911268808009,0.863485095884,-11.3684642597,302.0,0.895481695107
122300,0.145,-0.88,315.8,0.931676224113,0.949922804327,-3.38799935657,315.8,0.800919722957
122301,0.22,0.39,234.3,0.841496638532,0.879078251227,1.23043765777,234.3,0.961012378057
122302,0.055,0.76,205.6,0.852770424472,0.900764127511,-6.68109101847,205.4,0.932002594019
122303,0.19,-0.92,296.5,0.962633971787,0.963540795668,13.6330279134,296.5,0.940893484806
122304,0.24,0.81,326.7,0.972463141224,0.961256657824,-6.446198268,326.7,0.521378780298
122305,0.255,0.97,231.3,0.923466537758,0.927120399265,-25.8974065114,231.5,0.919177691975
122307,0.04,0.61,207.5,0.945933659492,0.955141412473,-10.683799821,207.5,0.858896145552
122308,0.17,0.63,219.5,0.944157885835,0.958677764257,-19.6829565707,219.5,0.48578774302
122309,0.125,0.83,276.0,0.955228121615,0.796363330435,-4.09700703587,276.1,0.956128592767
122311,0.045,0.84,315.4,0.961425152298,0.941527735734,-16.4612778095,315.5,0.866706955198
122312,0.02,0.38,226.6,0.755909038926,0.880625575714,23.39397624,226.8,0.943997593557
122313,0.06,-0.83,292.3,0.958689721203,0.929122781666,-39.9364535158,292.1,0.835031095095
122314,0.115,0.71,240.1,0.99205231754,0.966814883289,-1.27922072553,240.1,0.889610806071
122315,0.3,-0.59,217.3,0.964897225121,0.976000215191,9.73618424105,217.3,0.945966476575
122317,0.185,-0.84,282.1,0.987815500519,0.921501591262,-45.7976401658,282.2,0.985040571711
122318,0.02,-0.94,212.8,0.933280749787,0.935716331955,-9.99187847107,212.8,0.796688091032
122319,0.04,-0.89,224.5,0.948128835417,0.951081427974,-14.7934082848,224.5,0.23076071364
122320,0.16,0.91,232.4,0.996195021236,0.996163958083,4.16113649719,232.4,0.473211225132
122321,0.04,-0.91,260.5,0.824380355171,0.911895341967,25.0803083177,260.6,0.892616174621
122322,0.035,-0.56,239.5,0.874256396178,0.911752593282,16.2635234409,239.8,0.949564330799
122323,0.035,0.9,185.5,0.933225031659,0.968888741263,39.281378221,185.4,0.862749943683
122325,0.115,0.91,269.9,0.936083615485,0.973439343666,-51.4009692757,269.9,0.66799677088
122326,0.085,-0.74,213.5,0.889220397631,0.918174559522,-22.6592372626,213.1,0.972387394289
122327,0.125,0.82,276.2,0.94711965447,0.847691565448,-24.2614675519,276.6,0.958948429208
122328,0.12,0.92,285.5,0.990513551358,0.991678135238,-8.25874585468,285.5,0.547576675112
122329,0.22,-0.5,233.7,0.975452042836,0.953549052265,-41.4938614782,233.7,0.754212841672
122330,0.08,0.95,223.0,0.802066755261,0.84771835498,-6.00696706978,222.7,0.98410546126
122333,0.29,-0.76,201.8,0.872281400536,0.874460561347,9.46800165779,201.5,0.928044578681
122334,0.115,0.98,289.9,0.99520816699,0.98956095315,-30.5324884672,289.9,0.832787539723
122335,0.13,0.96,235.5,0.929096335927,0.910979185407,-6.71107073009,235.5,0.882030141028
122336,0.3,-0.5,204.0,0.905578636609,0.93343927315,-15.7337759188,203.8,0.990426891327
122337,0.3,0.89,8.7,0.627095206883,0.824703461334,-23.9819348464,188.9,0.973726386162
122339,0.09,0.93,246.6,0.861966125491,0.928184505936,-12.6580665445,246.7,0.950883248491
122340,0.115,0.97,248.4,0.97329279209,0.960514464179,-33.4258066562,248.5,0.960843758925
122341,0.255,0.84,227.3,0.93609175535,0.94890122262,-31.877243004,227.4,0.886113017612
122342,0.12,0.93,250.7,0.961694958606,0.970402403317,-16.1834206535,250.7,0.407940090924
122343,0.075,-0.71,233.1,0.900302534031,0.834367855952,2.59395009318,233.2,0.911514991916
122344,0.025,-0.54,307.9,0.955188157978,0.922875329901,-14.1306396375,308.0,0.964791340761
122345,0.175,0.57,225.0,0.917310881507,0.945914965154,-21.3862233903,225.0,0.603861364468
122347,0.025,-0.92,232.4,0.973079711016,0.884128113944,-1.23068394785,232.4,0.925752634326
122348,0.025,-0.42,234.3,0.91289309413,0.955286666781,1.10465249833,234.3,0.988938857735
122349,0.0,0.75,204.3,0.948271897033,0.950658980278,4.74237114678,204.3,0.939926623829
122350,0.125,0.93,268.0,0.962460136275,0.898471441899,-5.91618938064,268.0,0.971613496167
122351,0.035,-0.63,245.1,0.778513100353,0.836346291072,23.9194015659,246.3,0.899361184721
122355,0.025,0.79,353.7,0.918765641592,0.914889255223,-19.2505727162,353.5,0.974220753933
122356,0.06,0.54,211.1,0.91046236973,0.920223063501,21.3332711101,210.9,0.650649529268
122357,0.195,-0.97,292.8,0.883202050747,0.924622114122,30.7545404758,293.1,0.753595334109
122359,0.055,-0.5,212.6,0.855294118194,0.92785336891,-30.5330985796,212.6,0.845310083409
122360,0.0,0.56,187.2,0.976556723132,0.957308391519,18.998745784,187.3,0.650799922845
122361,0.09,0.78,241.1,0.86468213696,0.923911463547,-13.0669837788,241.0,0.949993606665
122362,0.065,0.87,352.3,0.948572938986,0.944008416645,-23.1500908906,352.4,0.984997588716
122364,0.23,0.91,337.4,0.9398180378,0.948349764626,24.2867821418,337.3,0.852986225149
122366,0.125,0.8,256.7,0.955828410422,0.931624570439,1.05537818714,256.7,0.981107494841
122368,0.28,-0.52,213.9,0.991048105714,0.984168142961,-22.4625576218,213.9,0.885622450658
122369,0.12,0.92,266.7,0.986365321633,0.910369734817,0.224997333174,266.7,0.923285350056
122370,0.095,0.95,347.5,0.987399476556,0.976622455149,5.79316421422,347.5,0.849319461255
122372,0.275,0.59,206.6,0.895086100348,0.933864375174,-7.24364287953,206.6,0.863790006596
122373,0.145,-0.63,193.6,0.991509994411,0.968222077269,0.436470630205,193.6,0.967679559284
122375,0.035,0.9,183.9,0.928011532812,0.960060604533,37.0859865823,184.0,0.879030323498
122378,0.005,-0.78,254.0,0.824824144479,0.90634388362,-38.2235341308,254.8,0.893508550164
122379,0.245,0.82,334.6,0.930118986719,0.956810602833,-14.1152721247,334.6,0.7285863254
122382,0.14,0.91,245.6,0.934131481881,0.940103344506,-6.505401616,245.6,0.902147563565
122386,0.12,0.96,283.3,0.969513903426,0.934187342864,-20.9166372216,283.4,0.962531195817
122387,0.195,-0.94,243.4,0.959904795468,0.970486739367,-6.56872482344,243.4,0.972132062612
122389,0.11,0.98,268.7,0.836662100904,0.890968774009,-6.96501687412,268.8,0.808160401155
122394,0.04,0.86,213.9,0.974320072629,0.925440715868,-3.45072359715,213.9,0.963151542647
122395,0.3,0.93,282.6,0.910315494237,0.94652092189,7.94487989426,282.7,0.923157040526
122397,0.025,-0.77,261.4,0.904718084202,0.91723269287,20.8538698984,261.2,0.798229566547
122398,0.155,-0.81,181.1,0.949473844818,0.921219867632,22.4887551178,181.2,0.880887142548
122402,0.175,-0.79,319.5,0.952189102935,0.921593308602,-16.0488051027,319.5,0.751420758048
122404,0.115,-0.77,319.8,0.888473605159,0.86459387712,6.01270244927,320.0,0.927823805133
122405,0.15,-0.77,192.0,0.991124725048,0.978147454218,-11.9518470294,192.0,0.951761598256
122407,0.07,0.89,298.2,0.936184474208,0.902417445831,-16.5678274771,298.4,0.988193382491
122409,0.25,-0.63,311.8,0.965684533913,0.962654384973,-6.91671845331,311.8,0.886774551152
122411,0.14,-0.81,195.9,0.900106711629,0.956187532577,42.7763770155,195.8,0.838376613955
122412,0.11,0.73,182.3,0.933668725357,0.964596286349,1.82445262481,182.3,0.932614470097
122415,0.185,-0.86,267.9,0.926450415285,0.942151075286,-0.31783085094,267.9,0.968832103215
122416,0.115,0.86,251.1,0.887605693528,0.941572657981,-5.31434861437,251.1,0.966929789991
122417,0.08,0.93,287.0,0.962306321069,0.915943945756,-19.6357828109,287.0,0.838707407174
122421,0.03,0.82,351.3,0.959947052412,0.967313901602,-11.2022427211,351.3,0.950214898288
122422,0.07,0.96,359.0,0.928633752774,0.964543890624,18.1533890479,359.0,0.970318094388
122423,0.3,0.86,243.2,0.907860269714,0.902279271699,1.83462429295,243.2,0.96083565347
122424,0.0,0.61,209.8,0.945184498339,0.914741243802,-26.6574020299,210.1,0.975795061377
122425,0.095,0.93,306.3,0.912214529694,0.935215566128,-17.4300057261,306.2,0.883260975036
122426,0.07,0.85,306.4,0.973502992473,0.894640526049,-13.8186285208,306.5,0.981918794286
122430,0.195,-0.99,328.6,0.949807906078,0.965690829075,31.0311269362,328.5,0.827249069839
122431,0.185,-0.89,348.9,0.899242995329,0.938355385569,-4.28213678541,348.9,0.774014324716
122433,0.3,0.7,267.2,0.956589650893,0.959932149652,1.28913326065,267.2,0.990263534751
122434,0.115,0.68,194.0,0.985171951997,0.968151506686,16.5874512783,193.9,0.925749346255
122437,0.18,-0.82,197.3,0.935387299123,0.949705362437,-6.094259924,197.3,0.891690934572
122438,0.08,0.69,337.4,0.968182761547,0.949162032197,-9.70220755678,337.4,0.689420314752
122439,0.115,0.89,255.0,0.993558315493,0.960490332944,5.49023276757,255.0,0.973505612938
122444,0.2,0.77,358.4,0.836376647534,0.925641403196,-48.3744078864,358.8,0.731681119496
122445,0.055,-0.51,225.9,0.9548605621,0.966908054164,-9.25543117787,225.9,0.735839530776
122447,0.025,0.89,189.4,0.956373045179,0.90011930451,20.7567775341,189.2,0.982460884035
122448,0.055,-0.51,233.8,0.903579234114,0.921273494596,-6.31723187301,233.8,0.937617458054
122449,0.13,-0.8,238.1,0.815730453209,0.907329751289,10.704380053,238.0,0.985177252046
122451,0.23,0.76,192.2,0.851439663895,0.918743167615,44.9670769002,191.7,0.670624017099
122452,0.11,0.89,309.8,0.870919218282,0.919048111423,4.31187983535,309.8,0.989963029184
122453,0.135,0.94,264.8,0.835076803577,0.900234593826,13.133814419,264.5,0.976217202282
122454,0.24,-0.52,188.2,0.916428536138,0.901326408058,-10.2582168577,188.4,0.909247099935
122456,0.01,-0.66,355.7,0.841648925415,0.927912430948,40.9382788151,355.5,0.822622108567
122457,0.03,0.78,203.8,0.961010727236,0.963418273834,-15.9103405541,203.9,0.569507030134
122460,0.035,-0.89,261.6,0.876223372863,0.844733647591,-5.6400131581,261.8,0.961904633504
122461,0.16,-0.78,358.0,0.913040270803,0.954390675987,-11.852513726,358.0,0.941898243478
122463,0.075,0.89,288.8,0.695574401371,0.824722040945,26.1400055786,287.1,0.925809482974
122464,0.065,0.81,320.3,0.946766569596,0.906476180411,-5.91531620037,320.3,0.750619391053
122465,0.085,0.69,338.6,0.892934298425,0.73531039229,-43.7599561642,341.2,0.918820563775
122467,0.115,0.92,308.7,0.901302512327,0.931962336346,-17.3691987768,308.9,0.913753220749
122468,0.27,0.94,195.5,0.906347479887,0.918504409227,-17.2769151251,195.7,0.970918463008
122470,0.015,0.6,189.5,0.946618722957,0.953809132755,48.0494894184,189.2,0.959788172275
122472,0.1,0.92,254.6,0.961468049625,0.954479783852,-7.13284569924,254.6,0.946091145989
122473,0.12,0.9,295.6,0.859276754781,0.93178333794,-17.4972541984,295.6,0.987328374507
122474,0.12,0.85,292.1,0.860606599134,0.929805429371,-15.2685201834,292.2,0.987690477287
122475,0.12,0.87,288.8,0.857552520058,0.929847087202,-16.0241151001,288.8,0.980145362074
122477,0.165,-0.68,187.9,0.95932364619,0.955583359489,10.08098601,187.9,0.871637556911
122478,0.12,0.85,285.7,0.844395169714,0.923878204674,-15.1115554669,285.8,0.99783659582
122482,0.12,-0.83,193.9,0.939077735874,0.961807764905,0.169788341286,193.9,0.81808752227
122486,0.115,0.89,277.5,0.937453738154,0.92015720061,29.7956315363,277.8,0.980526996919
122489,0.16,0.63,241.8,0.962284769731,0.959759352643,-13.5693777961,241.8,0.72779322519
122491,0.115,0.89,273.8,0.888067104554,0.855120170642,15.459947286,274.2,0.95913325715
122492,0.1,0.64,223.5,0.681940226613,0.787317100055,3.55746396232,223.3,0.812433297531
122494,0.3,0.91,0.5,0.90910270162,0.858032418714,0.178633480813,180.5,0.983396005603
122495,0.175,-0.82,305.4,0.937590979989,0.944200730232,-0.802158298201,305.4,0.420081904854
122496,0.115,-0.67,185.8,0.89625615533,0.872900232886,-45.9291392741,187.2,0.9762717473
122498,0.3,0.92,185.8,0.912895530662,0.889935609256,-53.8424793771,184.6,0.905350755087
122499,0.125,0.98,279.4,0.883935536825,0.878813374401,8.86434016618,279.2,0.935400924696
122501,0.04,-0.56,236.3,0.863560874225,0.918720417715,19.4385259227,236.5,0.913536231575
122503,0.125,0.98,254.0,0.938383028596,0.955896399969,-38.1137818511,254.1,0.688683959599
122506,0.12,0.95,274.1,0.98632331109,0.829835293106,13.0011883837,274.1,0.964924073181
122507,0.14,0.74,227.5,0.929706322009,0.849897755915,-27.572485768,228.0,0.93494755873
122508,0.145,-0.89,357.8,0.968677336429,0.957134056036,10.2039755772,357.8,0.840402086974
122509,0.045,-0.8,229.8,0.908624735045,0.909828380693,-2.59259359031,229.8,0.816175507439
122511,0.11,0.27,208.5,0.950136477092,0.827607682993,2.02041129838,208.5,0.983193462425
122512,0.17,0.88,203.1,0.962288419606,0.860566154539,-8.02697024625,203.2,0.961258560592
122513,0.105,0.64,230.2,0.920920924819,0.92602904538,16.7273321236,230.3,0.737232459409
122515,0.195,-0.92,309.5,0.957570674452,0.957813123439,17.0172712022,309.4,0.893914328314
122517,0.16,-0.83,325.2,0.982042544912,0.897440218433,2.45931760072,325.2,0.947006865693
122519,0.26,0.84,348.5,0.923120942379,0.908644566592,-28.1559267696,348.1,0.943516040898
122520,0.255,0.85,324.9,0.982855080859,0.884072182864,5.62513100712,324.9,0.948560257252
122522,0.145,-0.98,347.7,0.981237051561,0.955263735162,8.52227458114,347.6,0.79935464577
122523,0.12,0.9,304.2,0.971704035579,0.979419085493,5.43566918698,304.2,0.89995702781
122526,0.01,0.34,223.0,0.925934053496,0.95560204617,38.1965744266,223.2,0.951149799785
122529,0.215,-0.79,235.5,0.958021475146,0.946210635657,-2.44150429627,235.5,0.876715215818
122530,0.295,0.98,211.7,0.924217904416,0.942226269328,20.323545346,211.6,0.433363959925
122531,0.3,0.94,210.5,0.927480745977,0.929272151625,14.1776119669,210.3,0.918157992349
122532,0.08,0.94,339.7,0.939992720262,0.89609694674,6.99784231319,339.8,0.988488845729
122533,0.13,0.67,294.0,0.975758702278,0.98381640507,-21.583656582,294.0,0.657264253891
122534,0.0,0.75,283.7,0.973491598762,0.970668240569,-18.5549064416,283.7,0.607054953122
122535,0.125,0.91,297.8,0.952597560398,0.963077170134,-13.4611855737,297.8,0.878187677334
122536,0.225,0.49,213.0,0.955902967249,0.925604819521,29.3417686981,213.2,0.911364478689
122537,0.13,0.85,299.8,0.975657549862,0.973599117911,-10.8502666367,299.8,0.95256821576
122539,0.26,-0.61,200.1,0.967865082631,0.954554737573,18.0085001365,200.2,0.568200336192
122540,0.12,0.93,313.0,0.976293154026,0.950914559099,10.6891111373,313.1,0.853054923007
122541,0.135,0.97,324.6,0.92744690962,0.942434230729,-4.48821038622,324.6,0.984447095573
122542,0.12,-0.89,181.2,0.959734568013,0.845982569911,-4.76195264412,181.3,0.916281090678
122544,0.03,-0.77,242.4,0.962495936006,0.976238915288,4.23521381624,242.4,0.826817095325
122547,0.08,0.57,212.6,0.93069605982,0.957746671237,30.5035340516,212.6,0.58674019372
122548,0.25,0.88,196.7,0.958038383476,0.945464902742,19.6897057396,196.7,0.824540252928
122549,0.055,0.81,226.6,0.910057249436,0.942795182154,2.76360439739,226.5,0.900869660257
122550,0.035,-0.61,285.4,0.93121199125,0.929482599623,-27.5331876344,285.6,0.945741894324
122551,0.19,-0.89,7.8,0.700131969574,0.862133010229,-23.9286731184,187.8,0.994022071602
122553,0.015,0.92,359.2,0.950193382558,0.966144928468,28.2857799886,359.3,0.892977602556
122554,0.055,0.4,228.8,0.957168849564,0.965807530995,-1.87021461378,228.8,0.909388864293
122555,0.155,0.88,323.5,0.987347781579,0.987411477901,-3.2132425199,323.5,0.650993848703
122556,0.19,-0.86,238.5,0.916725917952,0.833194129897,-8.76470487801,238.2,0.992038870662
122558,0.115,0.89,323.8,0.978378366899,0.922669572229,-27.471963689,323.7,0.966230977386
122559,0.115,0.7,187.6,0.921829433978,0.891253779656,8.487699833,187.8,0.881366223632
122560,0.26,-0.74,340.1,0.981577916442,0.900973927949,-56.2261943182,340.4,0.970115568156
122561,0.235,0.89,350.2,0.957654156214,0.932719244955,23.8721031475,350.3,0.817442626368
122562,0.27,0.76,354.3,0.981527602782,0.977417389961,-43.9594123309,354.3,0.601860034735
122563,0.2,-0.53,209.7,0.941564982776,0.949500347527,2.7263579286,209.7,0.961892621618
122564,0.045,0.94,359.0,0.871921194103,0.894782445427,-31.8134587083,359.7,0.878874590965
122568,0.17,0.57,224.4,0.901947310565,0.943561109864,-19.0402675066,224.4,0.806146074384
122569,0.03,0.79,196.1,0.910595282303,0.94289053335,1.15496546131,196.1,0.951360469975
122570,0.3,-0.93,336.7,0.955877372819,0.975808593639,-13.3386116572,336.7,0.994609839567
122571,0.26,-0.83,192.0,0.958925868072,0.963153945175,-5.08714936976,192.0,0.201423190471
122572,0.3,-0.82,199.4,0.956250993256,0.952403565638,1.09518244906,199.4,0.788374437815
122573,0.105,0.85,314.4,0.925540600052,0.923330489953,-41.9251834981,314.9,0.992519945611
122574,0.005,0.77,276.9,0.881162132403,0.922139625494,2.51199036108,276.9,0.890577153746
122576,0.005,0.58,322.4,0.954599302295,0.945313953023,10.6778674777,322.4,0.311459838209
122578,0.095,0.79,263.1,0.97657140391,0.981980283492,-3.87287974341,263.1,0.830431596672
122579,0.105,0.91,240.6,0.98731587724,0.968684899575,-3.69578430014,240.6,0.939189642056
122580,0.25,-0.86,257.7,0.977132642108,0.964313993016,-8.77934577932,257.7,0.887183830428
122585,0.075,-0.82,357.5,0.926608499534,0.83349493086,-39.9185214954,358.6,0.964862980875
122586,0.245,0.94,295.2,0.690959081525,0.762016771606,-1.34733906522,295.1,0.893506602184
122588,0.295,-0.96,200.7,0.874552203468,0.895481091338,-35.7702774791,201.4,0.788313532677
122596,0.265,0.65,224.0,0.946755606305,0.932025322747,27.3434831581,223.8,0.949563087924
122597,0.155,-0.71,196.5,0.809698641896,0.90429972064,-7.39860432345,196.5,0.985893020641
122598,0.0,-0.57,232.3,0.889648461528,0.930973396708,-12.0717023322,232.3,0.76580768317
122600,0.175,-0.95,221.4,0.829077887286,0.891521344593,-3.63015938454,221.4,0.916223899843
122602,0.29,-0.9,1.2,0.888061297577,0.951593045487,-31.0666135719,181.2,0.994486937609
122603,0.065,-0.73,258.9,0.913006201565,0.85254725855,-39.3316133429,259.5,0.76443616192
122604,0.055,0.71,327.0,0.953755339545,0.965622874889,12.4655296134,327.0,0.927095541558
122605,0.2,-0.8,242.8,0.992158771736,0.980546211738,18.1842632706,242.8,0.881610875399
122606,0.195,-0.89,240.7,0.952919517742,0.94635810642,8.26694602713,240.7,0.900016511707
122607,0.07,0.7,225.2,0.901020692201,0.831086747167,15.0715189842,225.6,0.869460801414
122608,0.065,0.64,219.1,0.963965405788,0.960164840517,28.9354480864,219.0,0.982901100061
122611,0.21,-0.95,225.3,0.722767830451,0.876252979221,-45.6708203161,226.2,0.774601493319
122613,0.19,0.85,249.8,0.926246682638,0.946779394654,0.259420650496,249.8,0.803100288255
122615,0.16,-0.87,353.0,0.954681197549,0.968558691655,9.55487907603,353.0,0.593169840965
122616,0.245,-0.84,253.2,0.937614517536,0.933162472081,36.9616939702,253.1,0.656375288433
122617,0.05,0.71,183.5,0.931386735299,0.95356322593,3.63530110776,183.5,0.897175925497
122618,0.04,0.83,186.5,0.986450237446,0.981943961298,6.90159516928,186.5,0.464622174353
122622,0.035,-0.45,240.7,0.970232910789,0.921756316052,7.61778284425,240.7,0.785270328716
122623,0.235,0.97,302.9,0.894543841051,0.937407240061,-36.3230296916,302.6,0.81721699681
122624,0.06,0.65,227.8,0.983518029933,0.957406318887,11.4357506765,227.8,0.94582150946
122625,0.265,0.88,299.4,0.989470341147,0.941927807511,-2.38801802195,299.4,0.935548426339
122626,0.185,-0.96,239.0,0.910128892361,0.932925710638,-8.45832916192,239.0,0.84853310423
122627,0.18,-0.77,338.5,0.904561328217,0.899644987717,-33.9846125628,337.8,0.952817732685
122629,0.3,-0.66,239.3,0.973066237373,0.959277201398,15.580788917,239.2,0.840425205093
122631,0.085,0.36,232.4,0.786044281466,0.885519739717,8.55352708965,232.3,0.950370022671
122632,0.07,-0.87,345.6,0.961394096214,0.963541392662,35.6501237448,345.7,0.920801187291
122633,0.075,-0.92,349.9,0.812443274068,0.898476826669,27.0394897824,350.4,0.935164584468
122635,0.065,-0.87,339.5,0.93666400073,0.959878192168,26.444282251,339.4,0.761479488766
122637,0.185,0.96,223.2,0.953795083859,0.96607829475,-4.78090200704,223.2,0.558908870106
122639,0.155,-0.99,327.7,0.945625184884,0.904647452049,-39.1232230804,327.5,0.756184453661
122640,0.23,0.77,191.4,0.988733639443,0.980659521112,5.47352867416,191.4,0.617696243818
122642,0.12,0.94,261.8,0.947244159085,0.915631573407,-12.0718719548,261.9,0.845198693501
122643,0.165,0.48,237.5,0.933681060428,0.957946269888,-11.8096468891,237.5,0.809115290814
122644,0.245,-0.94,217.9,0.954640137846,0.88832180557,18.2860260553,218.0,0.850130848338
122645,0.29,-0.95,358.3,0.90376292306,0.953313857728,16.4163286785,358.4,0.988812028737
122646,0.0,0.55,249.0,0.955117601771,0.968807714964,19.9267141238,249.0,0.608409623151
122648,0.075,0.82,319.5,0.949567831612,0.941706015402,22.4328236061,319.5,0.754460199857
122649,0.0,0.93,359.1,0.954543402449,0.899299071636,2.97544336258,359.1,0.833676549941
122650,0.08,-0.87,336.1,0.904383937006,0.947962602764,41.2810773052,336.4,0.785704496556
122651,0.285,-0.94,190.0,0.903344969597,0.928149089966,-30.3702090812,190.4,0.981555961082
122654,0.07,0.7,231.2,0.982634668478,0.974463797394,23.9361535192,231.2,0.962716930687
122658,0.195,-0.72,328.7,0.919085509193,0.964582923498,-51.3655780564,328.6,0.74915262925
122659,0.12,-0.96,269.2,0.841041964967,0.918979993715,42.1343620486,268.5,0.867703214264
122660,0.28,-0.95,204.7,0.922010145964,0.960456254953,-25.5602070348,204.7,0.875931670391
122663,0.295,-0.52,219.4,0.894162521982,0.930960297012,27.5667400489,219.7,0.863668082527
122664,0.135,0.68,240.1,0.916108575167,0.946469111386,-10.0824638924,240.1,0.865422459126
122665,0.01,-0.57,235.7,0.852626059328,0.917275283375,-0.570241130547,235.7,0.885117857916
122667,0.235,0.5,218.5,0.900182919168,0.940020194855,2.5436582783,218.5,0.801374162937
122670,0.105,0.92,266.2,0.990534063488,0.97850338445,-10.1705979277,266.2,0.786300114281
122671,0.135,0.88,260.6,0.933648784343,0.953881906734,-18.1231442149,260.6,0.688724066065
122672,0.01,0.81,195.6,0.937637322451,0.793127404206,-22.1325931057,195.3,0.886645677962
122674,0.125,0.67,265.1,0.869830021741,0.921932485015,10.6802304151,265.1,0.916085031885
122675,0.205,0.97,224.1,0.621417760121,0.80221791678,2.38127696194,224.2,0.964318773169
122676,0.13,0.88,200.0,0.972222066687,0.949583332815,13.1491855604,200.0,0.944555626059
122677,0.125,0.86,202.3,0.978175792328,0.984429008042,-4.00387039019,202.3,0.622590629921
122678,0.0,0.83,320.0,0.981689243283,0.900853703149,13.2097584332,320.0,0.959591101565
122679,0.035,0.76,351.3,0.936100942665,0.874926897371,15.4794179433,351.4,0.800372240263
122680,0.08,0.88,235.1,0.879032765001,0.938383112848,-14.6636971246,235.1,0.948024532703
122681,0.25,-0.89,261.0,0.862909906732,0.91362834751,10.304819381,260.9,0.987129997627
122683,0.01,0.87,357.6,0.932733138141,0.942669401703,-17.0295519471,357.6,0.675961059195
122685,0.145,0.56,246.4,0.985011623272,0.961421376791,-7.68925313123,246.4,0.830169336296
122686,0.295,0.88,196.6,0.885060899569,0.906502442127,-0.458531079498,196.6,0.828520035375
122687,0.04,0.71,199.4,0.896807196905,0.90896154727,18.1056860093,199.7,0.969009040137
122688,0.13,0.9,282.0,0.957477455497,0.951564673393,-19.8865777446,282.0,0.903511272248
122689,0.04,-0.92,281.2,0.930618350651,0.948683615502,-26.0169160725,281.1,0.954062443792
122690,0.24,0.97,344.9,0.966807168094,0.975152614251,-11.5292920067,344.9,0.47251614377
122692,0.195,0.86,335.1,0.883313050724,0.936426663133,7.61437517947,335.0,0.956627707202
122693,0.3,-0.5,330.7,0.941745013177,0.962454749031,6.67866847336,330.7,0.923600611556
122694,0.115,0.83,244.0,0.953958489746,0.968377867229,25.0009618877,244.0,0.493853257019
122696,0.05,0.62,196.2,0.791264279298,0.894737147987,-14.0516477693,196.2,0.962334797049
122697,0.115,0.88,296.1,0.982406924272,0.973411584468,-5.62758693571,296.1,0.926506421017
122698,0.11,0.92,298.4,0.919844237972,0.956231618256,-8.52073793474,298.4,0.934212835525
122700,0.3,0.93,263.5,0.969062653157,0.981784111749,44.6703221145,263.6,0.47222538062
122702,0.12,0.82,254.8,0.828878979676,0.883971437836,23.2348285381,255.5,0.981398468548
122703,0.195,-0.94,341.5,0.850196313081,0.902790129902,10.2977297891,341.6,0.819737377064
122705,0.185,-0.93,312.1,0.890771578175,0.938091362512,4.95467165055,312.1,0.97191397532
122707,0.255,0.92,315.9,0.989265263476,0.972268242809,31.5462915944,315.8,0.830518899205
122708,0.0,-0.47,242.3,0.960392186865,0.91831492334,5.01720247519,242.3,0.974043197348
122709,0.19,-0.97,245.6,0.948849949599,0.972026969987,-9.67202773428,245.6,0.902176349455
122723,0.06,-0.88,316.8,0.96400168706,0.974470972913,-14.8971829628,316.8,0.756101584896
122724,0.25,0.76,302.3,0.909198485317,0.933043418847,2.46366030927,302.3,0.806469761628
122729,0.0,0.54,351.6,0.946841111746,0.880461863687,-45.8167052518,351.2,0.866983788477
122735,0.035,0.89,204.3,0.993314901211,0.986897673419,-9.73574198099,204.3,0.664224130721
122740,0.095,0.92,340.6,0.859457448875,0.916785669106,-4.38139475202,340.6,0.836108308722
122743,0.17,-0.82,350.4,0.898882374774,0.9476079759,32.6187542775,350.2,0.859711500367
122745,0.3,0.87,326.0,0.875127024685,0.87441036568,-0.0801467234146,326.0,0.880039937651
122746,0.19,-0.89,328.2,0.926171959028,0.922582864704,-6.385686976,328.3,0.787292236736
122747,0.29,0.89,357.0,0.967842934418,0.956469211446,9.65766417893,357.0,0.774204241179
122749,0.175,-0.75,225.9,0.968894434165,0.975525224279,-3.34669956383,226.0,0.944369055998
122751,0.025,0.66,220.4,0.975305094608,0.915131805953,-2.06311390655,220.4,0.988336123399
122752,0.07,0.85,268.5,0.960333505312,0.893793460254,-13.4635493849,268.6,0.868829044055
122753,0.095,0.95,329.0,0.98551944037,0.992297572259,7.71240387503,329.0,0.935573138426
122754,0.11,0.52,319.5,0.92482034526,0.954421675595,18.4975173301,319.6,0.774703181143
122757,0.095,0.95,195.8,0.96759259301,0.611670600921,5.28587597765,195.8,0.963409496127
122758,0.12,0.89,242.5,0.93691788869,0.956464305774,12.9031531098,242.4,0.940152284554
122762,0.165,0.91,244.1,0.889471021293,0.861675520946,-42.8434038016,242.6,0.977980266208
122766,0.105,0.74,228.7,0.945617193078,0.964238221131,-1.74288189532,228.7,0.724732593409
122777,0.265,-0.64,286.0,0.942292895229,0.818657581783,44.1744215221,285.5,0.879101321947
122778,0.045,0.93,200.2,0.947799290909,0.908295678606,5.83976110517,200.3,0.854555064325
122779,0.11,0.95,307.1,0.987550472023,0.982925470798,-30.1256115404,307.2,0.681078347638
122782,0.28,0.69,218.1,0.809823029152,0.872228193368,-12.0408540983,218.4,0.864533197262
122783,0.1,0.92,249.6,0.935825855016,0.920101758203,-12.1875772696,249.5,0.822259016758
122784,0.255,0.81,226.3,0.944311634698,0.966969421893,-34.0574405277,226.4,0.704605614154
122786,0.19,-0.86,251.1,0.89846244487,0.879100584009,3.35093737276,251.0,0.818511312866
122788,0.245,0.9,208.6,0.944568936096,0.941985599297,-11.1902074269,208.5,0.764917070084
122791,0.02,-0.9,235.0,0.926283954417,0.931592263932,-11.490471928,234.9,0.89382134005
122793,0.145,0.81,250.4,0.99311927466,0.917721766308,-6.21096926314,250.4,0.985932946343
122794,0.29,-0.85,258.1,0.965975400691,0.981365306809,-21.4007309775,258.1,0.824029801529
122798,0.04,-0.8,289.9,0.933468257729,0.909291590706,-8.69226214081,289.9,0.774653089803
122801,0.17,0.86,244.8,0.960904233932,0.953323253866,-4.30865648708,244.8,0.889040026122
122803,0.3,0.89,285.2,0.950976473327,0.97175016631,27.9287626421,285.3,0.849623593456
122804,0.08,-0.98,246.2,0.940203172819,0.965726271051,-5.65161998784,246.2,0.966505977694
122812,0.05,0.82,190.8,0.972830025173,0.946873480645,-11.9661627105,190.8,0.831143312749
122814,0.07,0.97,311.4,0.947823124224,0.943900777568,-0.456157122243,311.4,0.958524162255
122817,0.08,-0.33,305.7,0.966578423875,0.980205636762,-8.43477778607,305.7,0.806591966194
122818,0.145,-0.82,282.1,0.845407066008,0.864069309958,-8.73914776557,281.8,0.885214310816
122819,0.25,0.8,280.3,0.897896961655,0.906926262297,-0.336540888231,280.3,0.957375431679
122822,0.055,0.69,235.1,0.903998252273,0.899570706024,0.467763010662,235.1,0.860050364393
122823,0.3,-0.92,321.4,0.993578555569,0.973561435433,20.0627852599,321.4,0.954491237774
122827,0.135,0.81,233.8,0.981786371449,0.981057985103,14.9703749872,233.7,0.875414565549
122830,0.18,0.97,204.5,0.91186387775,0.860057196529,19.0330379296,204.9,0.938816386434
122831,0.24,0.94,239.0,0.93857644609,0.903077533585,-6.71313993393,239.0,0.950664744137
122832,0.125,0.82,223.6,0.91091736695,0.930310163972,15.9677434173,223.7,0.956591356681
122833,0.0,0.77,192.1,0.987662673315,0.946889133017,-21.0258078168,192.1,0.902187340896
122834,0.0,0.7,192.3,0.96430665934,0.945622878905,-38.8230677867,192.5,0.908453883503
122835,0.0,0.79,186.6,0.95093456604,0.970616087801,-12.5801767608,186.6,0.979887208963
122836,0.065,0.98,291.0,0.96608641979,0.943991057556,-7.24634759379,290.9,0.959528538257
122840,0.265,0.77,350.1,0.976504174844,0.923302213795,-22.829630133,350.1,0.835841187867
122843,0.27,0.77,343.8,0.875882189318,0.814794897258,12.6820609657,344.2,0.814739629095
122844,0.24,0.58,336.1,0.958374188432,0.904251012472,3.07298130067,336.2,0.9435812206
122846,0.245,-0.7,256.6,0.906802785077,0.934070665183,-16.0709154116,256.5,0.971972536165
122848,0.165,-0.71,330.3,0.95897806465,0.964931490465,21.9039845084,330.3,0.709303578021
122854,0.3,0.85,183.0,0.86325925071,0.90515285871,32.9232626128,183.4,0.719441291293
122855,0.19,-0.84,317.0,0.786064859193,0.880648746465,-13.7507485382,316.9,0.859563292236
122856,0.06,0.72,356.2,0.935193369498,0.961185896907,-32.4342561892,356.1,0.954775705301
122857,0.15,-0.93,0.0,0.9557120313,0.964132947631,38.8347715012,180.1,0.888762866512
122858,0.08,-0.7,215.0,0.883827834798,0.904176318145,16.6781330933,215.2,0.813183717497
122863,0.25,-0.6,242.6,0.903359069526,0.949604183607,-26.6961424052,242.6,0.889140847495
122867,0.0,0.86,339.2,0.930878851392,0.964283695097,36.8909694041,339.1,0.824290759712
122868,0.14,-0.8,229.4,0.942037284445,0.968353333392,-26.9990485309,229.4,0.776237989316
122875,0.205,0.99,352.5,0.802124813621,0.866401518362,-10.2177277378,352.7,0.825311153502
122877,0.155,-0.71,213.2,0.927833950544,0.902606815948,4.79236615453,213.1,0.959822563196
122880,0.045,-0.72,300.8,0.96429073351,0.951206001177,29.2301313959,300.9,0.963872134732
122881,0.045,-0.93,286.1,0.756008836165,0.850890548256,1.86101229151,286.2,0.899036742964
122883,0.155,-0.9,325.8,0.971417783178,0.933595441429,0.179524479619,325.8,0.983124142902
122885,0.055,0.68,225.2,0.990420823847,0.986829584253,15.432134243,225.2,0.85453858038
122887,0.195,-0.95,246.2,0.979834777538,0.929715930858,8.74086002135,246.2,0.93732391178
122889,0.17,-0.66,187.3,0.837554521581,0.917420023272,-4.1280863019,187.3,0.99088016335
122893,0.055,0.97,223.9,0.909916233334,0.938903672316,14.8468760336,223.9,0.815328315135
122897,0.085,-0.96,263.5,0.977228620947,0.890138612694,-39.7350459551,263.6,0.935987289529
122898,0.215,0.53,225.2,0.931163958142,0.937070584368,-19.7636025408,225.0,0.907209695839
122902,0.045,0.92,321.6,0.858032284999,0.903170171107,14.1909224027,321.8,0.761816013927
122910,0.255,0.91,243.8,0.957734273976,0.913000484501,0.843332706606,243.8,0.871598841323
122911,0.265,0.56,223.1,0.905731799675,0.943365456391,11.095268647,223.1,0.830888484468
122913,0.1,-0.96,359.8,0.834933309393,0.888903584142,-0.859467509583,359.8,0.961949482936
122918,0.19,-0.8,280.8,0.928737797821,0.939228274011,20.302296752,280.9,0.808920739891
122919,0.005,0.68,355.4,0.970103064788,0.910485487112,-43.9942772025,355.3,0.864593563945
122920,0.3,0.61,210.0,0.983769024254,0.94591930373,-16.1373467471,210.0,0.831807756031
122929,0.01,0.63,184.0,0.943231536875,0.960444599169,16.1479321273,184.1,0.932996033585
122933,0.005,0.59,183.8,0.981315872471,0.956587059695,18.1925794291,183.8,0.913268232103
122934,0.18,-0.83,356.5,0.979487858012,0.982105497117,32.2720266909,356.5,0.744628773294
122941,0.265,0.91,227.0,0.940184711488,0.877264717062,-6.677644578,226.9,0.97780295472
122943,0.21,0.75,198.5,0.960938538605,0.932350847143,-42.1508903458,198.7,0.841572311933
122944,0.12,0.88,296.2,0.854045393654,0.90579418504,-7.97114008218,296.3,0.849837957131
122946,0.1,0.6,248.3,0.925214297824,0.909113507485,-16.0110015517,248.5,0.973261149351
122948,0.22,0.51,227.8,0.955646401342,0.973972824144,-18.3588284364,227.8,0.820293930936
122954,0.02,-0.54,234.7,0.954559578825,0.950853215402,28.4284614472,234.8,0.816460253771
122955,0.21,0.69,298.7,0.943716428492,0.963284147702,-0.120498797902,298.7,0.891372448092
122956,0.03,-0.82,283.1,0.925000428717,0.833041861919,27.1665197015,283.6,0.895467390171
122957,0.0,0.79,209.1,0.905635339959,0.94878346163,-16.5134463006,209.2,0.930681117419
122958,0.205,-0.89,248.2,0.978587373796,0.964208048325,35.8637217333,248.2,0.928666589227
122961,0.025,0.83,302.0,0.970130108912,0.955102246243,-7.39111180729,302.0,0.517457340028
122962,0.26,0.71,223.8,0.981889019609,0.957088142318,-9.91949963982,223.8,0.861609694777
122964,0.145,0.96,245.4,0.88400790969,0.911561057952,-50.860472072,246.5,0.860627150193
122968,0.1,0.9,253.3,0.920489649269,0.947181714664,12.2777349956,253.4,0.947372762884
122969,0.105,0.89,269.7,0.9853984968,0.974381395464,-0.676030892212,269.7,0.914468734161
122970,0.1,0.85,233.2,0.992112894733,0.948460415963,7.47287618491,233.2,0.919038839987
122971,0.09,0.88,240.1,0.977112372165,0.90648208099,-12.5379829433,240.2,0.975950774958
122974,0.04,0.95,278.8,0.508746485608,0.695023203371,20.8322098217,275.9,0.800390468392
122978,0.12,0.94,259.7,0.980689911417,0.953592360124,3.83617556993,259.7,0.894438881196
122979,0.22,-0.91,261.4,0.832953624333,0.900009080673,12.2586768181,261.5,0.850387053352
122980,0.085,0.8,240.0,0.910495984878,0.947896827206,-22.5685736132,240.0,0.765263836357
122986,0.2,-0.56,355.8,0.822491764696,0.90782606755,-11.8389761197,355.9,0.960016517194
122987,0.08,0.88,288.5,0.928827460105,0.934912581621,-49.6003091887,288.8,0.640099962668
122989,0.07,0.74,190.4,0.868779762692,0.920961113859,4.92069838325,190.4,0.91631895922
122995,0.105,0.47,260.1,0.951964423072,0.89286681636,16.0883376294,260.2,0.732519162202
122996,0.185,0.54,230.2,0.985710580048,0.951933637051,10.2513901954,230.2,0.82923128371
123003,0.01,0.88,185.5,0.934422131938,0.919293749807,-15.5127874495,185.6,0.798882065453
123007,0.19,0.82,243.0,0.913368844616,0.93588519761,3.48215103895,243.0,0.526519628858
123008,0.19,0.86,227.3,0.906720800079,0.917392245007,8.96543142178,227.2,0.657632722384
123014,0.23,0.8,325.7,0.928271221171,0.949089275595,6.27173514862,325.7,0.812545628736
123022,0.215,0.92,324.9,0.848277689573,0.919603624615,-7.05618074827,324.9,0.981516814728
123024,0.3,-0.71,216.2,0.857227496197,0.904742510969,-2.87024227289,216.1,0.945255370629
123025,0.025,-0.78,259.3,0.933591766735,0.929279393033,17.4190746842,259.2,0.7968282379
123026,0.12,0.91,256.8,0.95246638956,0.940201481562,32.1414861342,256.6,0.872334863232
123027,0.285,0.93,239.1,0.98484617327,0.921981224804,-22.3973210124,239.1,0.991096596709
123037,0.19,-0.84,299.2,0.935347746481,0.932848185425,18.9410999069,299.3,0.880779441627
123042,0.05,0.89,333.8,0.925374231146,0.947218557818,-18.6768983739,333.7,0.739294777256
123053,0.105,0.83,221.5,0.956101714745,0.971739113594,11.8153496295,221.5,0.926047499444
123056,0.025,-0.37,235.7,0.956688409124,0.951743664555,-9.32650873574,235.7,0.946649991132
123060,0.235,0.95,262.9,0.975787293576,0.858190369469,-37.1611473393,263.0,0.932923440128
123062,0.26,0.91,246.6,0.888250918052,0.868134452571,29.9817271328,247.4,0.922045858812
123067,0.115,-0.78,223.5,0.851245556729,0.900497238286,-9.96409507488,223.4,0.721827320083
123072,0.025,-0.8,243.7,0.983035901583,0.959130153043,-1.02685885244,243.7,0.92146172154
123078,0.22,0.93,337.1,0.95741226707,0.967594830561,-3.93277070789,337.1,0.644221822418
123079,0.245,-0.68,270.4,0.940536288692,0.952786505157,1.0347655344,270.4,0.426503272448
123080,0.21,0.87,339.0,0.978001402119,0.899013197305,9.65539924004,339.0,0.969446296251
123091,0.025,-0.86,251.9,0.928135360661,0.961098931629,3.13272235477,251.9,0.916026160137
123093,0.26,-0.57,252.7,0.920232991315,0.930993976981,14.8697645608,252.7,0.210103367317
123097,0.3,-0.66,231.9,0.970127536541,0.955552150214,-18.4450574484,231.8,0.864384856971
123098,0.3,-0.74,246.1,0.868920181606,0.930845313139,-23.6078849501,246.1,0.852046648094
123099,0.265,0.59,244.7,0.929089954005,0.921332736683,42.160179671,244.5,0.667718258166
123105,0.115,0.83,239.6,0.967226403056,0.969117477502,-20.6052968971,239.6,0.751325789503
123116,0.165,-0.78,358.5,0.803570525373,0.865692582339,11.2795222962,358.8,0.893915640108
123117,0.295,0.89,191.5,0.962299907353,0.975100908769,-28.8046061003,191.5,0.838158884054
123118,0.05,0.85,275.2,0.887881665733,0.922547172411,-51.999847501,274.2,0.913714602407
123129,0.015,0.66,348.9,0.937953428642,0.971539427843,-28.3645289116,348.9,0.968809497476
123134,0.125,0.98,302.4,0.866250783327,0.926915222947,-13.348177636,302.4,0.894292424283
123136,0.255,0.92,201.9,0.860270273384,0.924992649244,-10.0161128821,201.9,0.936131030871
123139,0.28,0.75,231.4,0.9724710345,0.945527125171,-41.5727918811,231.3,0.925616291807
123142,0.08,0.84,230.9,0.873123525111,0.934094326536,-13.6186828152,230.9,0.931735931384
123144,0.03,-0.49,240.5,0.945759289167,0.952162681434,-2.26507945123,240.5,0.94543731433
123152,0.295,-0.65,359.4,0.946562887782,0.954309875912,-15.8937843262,359.5,0.974979763079
123185,0.215,-0.88,318.1,0.967264067391,0.971024117603,-7.55159493996,318.1,0.768086405648
123196,0.015,0.6,190.5,0.926831694109,0.952589895499,55.2344968514,190.9,0.734987114314
123204,0.3,-0.64,348.9,0.934309014974,0.958794557992,-14.7505240127,348.9,0.918025266004
123206,0.3,-0.75,344.8,0.940951245981,0.967736320343,-17.4986153072,344.8,0.9208647431
123207,0.125,1.0,274.0,0.953898650309,0.961383975036,12.72708918,274.0,0.945202110062
123208,0.005,0.8,342.1,0.960833511448,0.970677519921,19.063257763,342.1,0.774896832498
123216,0.05,0.85,332.7,0.904948588848,0.907089972719,-22.7324739445,332.3,0.92672944308
123217,0.105,0.72,217.5,0.960079516632,0.945512457748,-44.6659758294,217.7,0.919028868344
123234,0.125,0.77,284.2,0.967099848059,0.969787565323,-7.74784627129,284.2,0.720479615781
123236,0.17,-0.93,336.1,0.881361717867,0.906839847111,-17.3236896074,336.3,0.845089421609
123248,0.005,0.86,342.8,0.971477558024,0.968515889987,11.7922181443,342.8,0.96632822501
123252,0.11,0.62,232.7,0.9773337946,0.957863092666,4.13682716808,232.7,0.96635297378
123263,0.205,-0.93,271.1,0.989796555802,0.900888393101,12.1584802239,271.1,0.959188532806
123264,0.105,0.98,269.4,0.934626303883,0.949970070298,-2.07912992926,269.5,0.89616915979
123268,0.3,-0.78,219.3,0.9547846503,0.975276773721,-3.79628796992,219.3,0.93223023331
123269,0.2,-0.96,234.2,0.941432237296,0.95570584415,17.552438784,234.2,0.703965177524
123270,0.06,0.76,343.7,0.914013511058,0.937293776106,66.1000376593,344.7,0.846495922983
123272,0.07,0.76,339.0,0.907523827814,0.947633335772,12.8915914,338.9,0.950169291703
123286,0.12,0.89,260.6,0.982198134993,0.988531825945,10.6331097888,260.6,0.877853838575
123288,0.095,0.73,217.8,0.952407214911,0.972733263693,20.3001626162,217.8,0.788174703229
123325,0.1,0.53,294.9,0.923286137115,0.954590549699,10.3674112833,295.0,0.897872367438
123332,0.055,0.7,311.5,0.847403776986,0.901773587094,28.925165629,310.9,0.947517974155
123333,0.27,-0.89,277.6,0.948148168207,0.894988537834,4.02466047488,277.6,0.946216671095
123339,0.165,-0.8,203.7,0.867317746944,0.92254353875,-10.4094540092,203.6,0.946511834663
123341,0.115,0.52,312.7,0.898322199824,0.926380464924,-16.0520727131,312.7,0.503307276634
123342,0.12,0.95,262.7,0.981490519888,0.968388533233,5.99443903098,262.7,0.984244827641
123343,0.045,0.63,331.8,0.917502303852,0.946965860527,0.819540872039,331.8,0.882861313921
123356,0.165,0.81,333.7,0.915455159932,0.940045970601,-13.3352561303,333.6,0.872486873329
123357,0.19,-0.98,238.9,0.977687558854,0.984978104143,-22.2429013311,238.9,0.775468209428
123360,0.015,-0.37,230.1,0.983176875274,0.936725992962,-2.43478670984,230.1,0.854271843673
123370,0.3,0.55,207.4,0.904622101403,0.942872913906,18.0069991744,207.5,0.92442122542
123373,0.185,-0.71,187.5,0.913701519427,0.911407404624,7.56392257762,187.4,0.862638912889
123374,0.11,0.92,287.3,0.993792793091,0.98146980918,-5.71708486154,287.3,0.803954096567
123377,0.125,0.99,275.9,0.948409309399,0.959433915191,9.34304432881,275.9,0.801735178807
123384,0.19,-0.86,336.7,0.855252290283,0.92411848178,-1.07360549426,336.7,0.95320688272
123385,0.19,-0.82,347.8,0.910583571115,0.952770510168,-2.33328150597,347.8,0.962006479508
123388,0.02,-0.68,243.7,0.925816449153,0.947074732665,-3.67896998569,243.7,0.761904351528
123402,0.16,0.92,216.0,0.98770109722,0.975704142738,-15.6665117237,216.0,0.947297581171
123403,0.3,-0.74,209.2,0.858051246616,0.915865997733,-11.2617962242,209.1,0.854026297149
123425,0.055,0.76,185.6,0.831393916374,0.90943691875,-2.28437248393,185.6,0.937801212143
123437,0.11,0.9,298.0,0.833353641058,0.904700003521,-29.9069414021,298.6,0.945970587875
123438,0.115,0.96,254.2,0.924224227148,0.93029562242,-18.954483324,254.1,0.9678008152
123443,0.05,-0.6,283.2,0.865339525085,0.756239489284,-6.23143469529,283.4,0.786658383293
123451,0.09,0.92,250.5,0.796691546913,0.89654327804,-18.3566123673,250.6,0.947701474782
123455,0.285,0.8,198.9,0.992594843393,0.951227752976,44.3960570438,198.9,0.953189857787
123465,0.24,0.78,199.7,0.977340255794,0.982989662924,15.9246709006,199.7,0.748600055636
123467,0.23,-0.86,223.7,0.979734218781,0.976123377516,-4.88224317065,223.7,0.268371763052
123471,0.205,-0.84,286.8,0.777114643244,0.800194708586,13.9484714621,287.7,0.888237356243
123478,0.17,-0.77,193.0,0.892946457743,0.932938454395,-7.00430083383,193.0,0.930775007262
123482,0.295,-0.89,316.9,0.88711714778,0.870275139994,-3.00561764343,316.9,0.944488394492
123492,0.005,0.68,223.5,0.936322075019,0.935365501073,29.0607337164,223.6,0.614259430216
123514,0.1,0.91,250.0,0.973295447951,0.979661262494,-7.17985407283,250.0,0.565665891995
123522,0.29,-0.98,298.2,0.948483028109,0.86526289764,11.0168547368,298.1,0.962366040173
123535,0.275,0.97,210.1,0.970917168491,0.884332012776,2.81711866722,210.1,0.873400212993
123537,0.125,0.78,236.6,0.967497315353,0.951379867971,46.5159924515,236.8,0.933028059719
123543,0.155,0.94,214.7,0.98611639818,0.974779126152,-14.7323209738,214.7,0.92117426498
123585,0.05,0.74,205.5,0.885383342933,0.927558556917,30.0066318493,205.2,0.931540499949
123613,0.115,0.93,252.6,0.905910754967,0.893494347716,-7.35745989354,252.5,0.971494756901
123624,0.235,0.83,191.7,0.969936345563,0.947583277961,14.4915224931,191.7,0.61602223983
123663,0.0,-0.84,205.9,0.891884277864,0.915184080818,18.2471279968,206.1,0.927657255213
123675,0.18,-0.88,295.8,0.939982060226,0.950633708584,-1.16076045977,295.8,0.805459212622
123686,0.03,0.94,227.9,0.888566572392,0.915482877934,41.7717665888,228.7,0.993569185744
123713,0.27,0.6,228.2,0.975142881636,0.973281752814,12.419813649,228.2,0.443378491895
123714,0.265,0.93,311.5,0.890452558364,0.868152943744,-8.8608289373,311.7,0.858376451511
123720,0.16,-0.81,330.5,0.977742564943,0.943255729771,-11.4219630034,330.5,0.795965129149
123721,0.005,-0.9,243.4,0.901812777863,0.938803493781,-20.9640486045,243.5,0.873208243849
123723,0.175,-0.75,187.4,0.940849898582,0.920796262676,-13.5435131549,187.5,0.879227461135
123724,0.035,0.83,2.5,0.698195569369,0.860766845693,31.2195375805,181.7,0.969089447365
123737,0.165,-0.82,268.8,0.910209607835,0.923594299431,22.3852096815,269.0,0.897930434609
123739,0.025,0.77,236.0,0.92443984135,0.948784500967,22.8487096677,235.9,0.955328211773
123740,0.045,-0.98,240.4,0.927145527674,0.93788885696,-0.175567602783,240.4,0.931443219396
123741,0.17,0.97,340.7,0.961153369141,0.953942812503,-6.57849316431,340.8,0.881523242074
123752,0.105,-0.51,238.3,0.942573506993,0.712895676696,3.9297462367,238.4,0.952129269152
123768,0.015,-0.84,256.9,0.979806546535,0.94957252268,21.217132813,256.9,0.953955033086
123793,0.13,0.96,278.1,0.892466587325,0.946626582131,-21.935862165,278.1,0.933350380088
123795,0.28,0.88,245.9,0.929021538263,0.882967641408,-29.4357585085,245.4,0.987454661435
123798,0.0,0.86,240.4,0.952047876537,0.903371446336,-10.5577574287,240.4,0.944379997887
123800,0.125,-0.9,248.0,0.935571334202,0.905651271155,6.84273361192,248.1,0.949342353782
123806,0.3,-0.61,215.7,0.97251219894,0.936758174881,19.8274402114,215.7,0.779103196066
123808,0.155,-0.97,296.3,0.891159530318,0.916851149471,-18.3247424069,296.1,0.874178129427
123812,0.05,0.83,235.6,0.962839421921,0.941660660741,33.8155000497,235.7,0.803775893799
123832,0.29,0.84,195.5,0.983861708589,0.968253693365,6.08136319697,195.5,0.88291171285
123862,0.2,-0.85,238.9,0.875280443112,0.937313207204,18.1915961441,239.0,0.989992825639
123863,0.015,0.91,239.7,0.903376912746,0.943418487359,21.6949232325,239.6,0.852423937278
123865,0.155,-0.83,231.8,0.945446733175,0.96078916139,12.7757164426,231.8,0.595220376302
123867,0.065,0.89,264.6,0.92590419071,0.951173295464,1.06266051529,264.6,0.805626854985
123874,0.18,-0.89,242.2,0.902970808635,0.932487080993,5.55810926494,242.2,0.753338659324
123887,0.175,-0.87,238.3,0.83416524329,0.897629800468,-0.655617950212,238.3,0.822956583059
123893,0.225,0.37,232.4,0.925679546766,0.926858314436,-8.45706868428,232.3,0.983812990837
123925,0.115,0.89,258.6,0.871385193762,0.937564511805,44.9310993976,258.1,0.939317332538
123926,0.115,0.77,250.5,0.911516757146,0.956444314314,41.9127109248,250.6,0.683332700762
123927,0.11,0.91,247.4,0.89564899182,0.950111112604,36.1551911026,247.3,0.884112122275
123932,0.205,-0.88,282.8,0.936596200301,0.809808665417,11.7967295436,282.5,0.948421245769
123958,0.115,0.83,251.3,0.920595505591,0.932408007785,26.074880933,251.0,0.953658198039
123959,0.115,0.7,241.5,0.984228380622,0.903351203036,23.2286956673,241.5,0.974507865647
123973,0.125,-0.98,346.7,0.93349014942,0.860072395934,-8.03110872473,346.6,0.890285429691
123985,0.13,0.92,250.7,0.984600570628,0.9366616548,-12.8597960851,250.6,0.903559279794
124001,0.02,-0.54,233.1,0.860141567491,0.930989780144,26.1014736387,233.3,0.975520096794
124092,0.055,0.99,331.0,0.967835224109,0.955988528037,14.4538203914,330.9,0.966616977338
124101,0.11,0.94,266.4,0.933355162431,0.958846319821,35.9486296065,266.4,0.695071364376
124140,0.02,0.99,221.6,0.89660703251,0.924212185532,19.6225978089,221.8,0.921527411708
124161,0.21,-0.88,187.4,0.829637091537,0.845451184267,15.1842691159,188.0,0.87197821718
124221,0.17,-0.88,321.7,0.937961796271,0.923268037853,-8.68619194755,321.7,0.617726899478
124228,0.11,0.71,293.3,0.952150885083,0.974098582938,-4.83074711556,293.3,0.913768339764
124229,0.275,-0.86,266.9,0.871145554448,0.909441324859,14.453645714,266.7,0.876292107457
124260,0.3,-0.83,218.5,0.885615069266,0.866130265816,29.6439364999,219.2,0.865294328141
124356,0.2,-0.79,225.3,0.97998677763,0.950097364917,37.5270217862,225.3,0.810719967821
124374,0.025,-0.57,234.6,0.957627718728,0.915649583999,20.1186488088,234.5,0.977751029509
124397,0.18,-0.96,216.1,0.915317237272,0.958125911515,-44.2995445627,215.9,0.958063771374
124399,0.275,-0.99,273.3,0.898639873955,0.908071225252,-20.609461431,273.6,0.971068387068
124408,0.06,0.88,331.3,0.963784515855,0.879861615327,-21.7484767882,331.2,0.847171194344
124409,0.065,0.86,331.2,0.962177493955,0.902119143256,-25.4539368488,331.1,0.814590779798
124431,0.02,-0.85,255.4,0.97039505234,0.837282666054,-6.07619959334,255.5,0.970635369021
124465,0.13,-0.84,236.4,0.965643501909,0.904109048663,-13.8941950582,236.4,0.857863267835
124508,0.04,-0.93,213.0,0.787146161654,0.872339675503,0.112992912304,213.0,0.800563250785
124512,0.1,0.79,253.9,0.961476064358,0.952009467669,-2.58369550426,253.9,0.970618857502
124520,0.2,-0.63,229.1,0.939853609179,0.963744872835,-21.7034894731,229.2,0.857941559976
124540,0.085,0.58,351.9,0.926924865128,0.924614534708,-0.948827881192,351.9,0.937405129658
124562,0.29,0.8,196.1,0.955409470181,0.963971144222,1.94742277632,196.1,0.57378382516
124582,0.08,0.95,234.4,0.98067774959,0.903771519317,33.1011081792,234.3,0.952090645811
124597,0.3,0.88,190.0,0.939272529778,0.879668113615,15.6205184384,190.2,0.934750719016
124598,0.01,-0.95,203.1,0.941160010232,0.846980305843,22.4235785394,203.5,0.968916082537
124600,0.29,0.9,356.9,0.974470625644,0.855141846083,13.0200633516,357.0,0.98424857495
124604,0.285,0.7,309.6,0.780006937275,0.851821802564,-6.20828050357,309.7,0.692044445632
124607,0.09,0.86,252.1,0.823049577819,0.902744701341,-2.34964285408,252.2,0.913205732334
